Country,Year,R&D Expenditure (% of GDP),Internet Penetration (%),Patent Filings,STEM Graduates (per 100k),High-Tech Exports (% GDP),Innovation Index Score
Country C,2016,3.0870911262402356,60.620250204448006,3368,1151,18.716869703036814,75.33020644971089
Country D,2013,3.3485618709729263,54.69001322048793,6789,1143,29.400729224829316,66.76738840308283
Country E,2022,0.9412204427871138,51.158290716270486,1436,354,11.77023700347689,71.76616733541604
Country D,2020,3.279762875484483,81.45660352172004,3828,380,27.45265684396881,49.824348347810556
Country E,2017,1.9763488792386146,79.74760776835026,2556,414,14.09398482791048,50.587293102620976
Country A,2022,1.2747331648968752,76.78817322298943,8570,287,36.013013808473076,42.07486627549532
Country B,2014,1.877407268714784,61.3654077096828,8480,455,36.349148049331575,56.103376759786485
Country D,2016,3.440097725856431,69.15439379937021,1182,710,15.405052149846426,67.98723306668374
Country D,2019,1.9778542819786087,79.12934042412247,8190,272,13.049781388713418,82.89674569986644
Country B,2012,1.4862548308625247,74.3415760840993,7687,1130,19.395639022318093,73.34637237293404
Country D,2016,2.4002025629501773,98.40149049052948,6565,378,13.418605481305205,61.76981616998757
Country D,2020,1.220436856334579,56.68554787527992,8241,411,28.533434515209628,87.65600571970688
Country E,2020,0.7275899843259918,84.06208314833209,8651,1004,33.91226395918999,75.96226002879159
Country E,2017,0.8866391657319477,69.81161963711031,6575,433,28.558224581892595,86.5082601431275
Country B,2014,0.8841375168733173,70.98178113135512,2589,664,33.85226565372723,66.37939866360828
Country A,2013,0.955708080536883,85.16229051725063,9851,950,18.894725677261594,52.94521373965698
Country D,2017,0.9164815179482304,83.92937141489412,1159,422,10.471093974810131,42.6413343182361
Country A,2017,2.4226242344096436,98.57154369140723,7555,830,30.828283158915724,76.30424257419253
Country B,2012,1.0456402531974345,56.29132018325214,9244,1024,17.616607679954384,46.06514990027671
Country B,2015,1.5370018499715896,55.10137281982415,7846,463,28.49447888301964,55.13875641359836
Country E,2014,3.1903652297180356,85.49260203930831,3307,406,14.472537969361799,66.62354539419488
Country D,2011,1.921884920788617,78.34095893331404,2228,806,7.843037218233544,68.22082938898738
Country C,2017,2.5026732155630818,63.433872661430485,8226,1084,39.74036284207172,70.0291598493568
Country B,2021,1.0169596136048895,53.891549080460344,6590,933,10.467052777570974,48.31276651748503
Country D,2023,1.0768670564260123,54.1972542302251,7919,565,39.59473478872184,58.98687024108244
Country A,2015,0.6226058487994366,93.81535285854179,6585,475,39.20479763982566,70.85971135584833
Country E,2011,1.0068051892164935,59.401498911218404,7046,579,32.78363363678139,88.49094323168924
Country A,2021,1.3357710170958759,65.84520654366051,5945,942,28.079803672869915,76.38155688498443
Country B,2014,1.0310314528302404,61.10616370912241,8927,508,25.223246758787965,86.1301878546979
Country B,2010,0.7661076012711668,67.39481898576493,8016,830,35.313554088224215,78.11060291570885
Country A,2021,0.8619076133018024,53.40176829455857,8758,467,15.130383256682078,69.58584844462003
Country B,2019,1.8823363040981773,75.43392975450524,6086,1144,21.368842436970695,49.60116845681723
Country D,2015,1.1190011552173775,53.31301561601853,8161,984,26.678648927827567,73.33428259462565
Country B,2022,1.5928095831442264,89.21746888329571,2884,263,19.39166665543219,71.16897829799535
Country E,2021,2.0102518125645705,61.451892013611214,2809,1009,19.962025893159378,70.12345852286333
Country D,2018,2.5711844858880957,76.46058381562102,4167,549,16.559963362572955,64.48929339941203
Country C,2010,0.6179364195232968,93.12387529051145,7352,1124,24.748113583958762,66.43283019946378
Country B,2020,2.898231196727128,81.89299108331252,7056,1114,34.77010848052906,56.7221263559052
Country B,2020,2.383701168472723,76.11493154101544,3437,693,12.05349323022095,65.96563463211515
Country E,2019,0.7452770958466157,65.89235390265341,7468,722,37.70515635637045,49.877795283923916
Country E,2021,3.120735872320332,66.3170937398517,6951,297,29.11806788118804,80.25871986801883
Country A,2021,3.2626172015954396,82.80486080471132,6276,1145,33.81456244380105,49.28884773493539
Country A,2023,0.6832338795645913,98.71282869983722,9859,270,24.466674242050406,44.24831449447332
Country A,2023,1.3306329444416112,82.43012030261954,8818,563,32.28308454984222,61.81230131785787
Country E,2023,2.918603839379184,77.33138745113122,5728,769,5.5670139068813524,72.91537197530309
Country A,2012,2.744779071150975,85.80187500172306,3624,1001,33.643314867283735,61.88584124667707
Country A,2021,1.053563058069132,72.79507500190219,6738,962,6.404860067987828,53.83770659756543
Country C,2016,1.128047970010131,52.94697478743848,5232,475,36.146968172700184,67.90855919452204
Country A,2013,1.611416308374146,77.55254397801758,6793,249,39.71869615335252,57.35011677061
Country B,2018,1.953568955573064,96.92363894076362,5523,557,15.292361176187224,86.64338450633166
Country E,2012,2.354764314590888,58.58984417552532,6571,927,12.361149470002779,86.1322569801786
Country D,2014,1.6067409187093173,83.81023965021262,3224,1105,31.787717735031425,65.11859099860477
Country C,2012,1.8876041483994437,59.84575074429377,9389,1127,13.855921932208863,56.39419970091292
Country E,2016,2.74241281440127,76.25555653918099,7091,763,35.29468341102712,76.85662069783196
Country E,2014,0.6100496086717937,54.73714603268926,9662,982,8.599490725511686,41.83564717415333
Country B,2018,1.2573108330320624,72.06817587665107,7361,684,9.40843187327754,63.738450302182564
Country A,2016,2.6400487576536573,87.05200311586705,2948,283,39.27030442852155,56.81616971351667
Country B,2011,3.1856205130615978,67.03100468771012,8094,1098,28.584361439450163,86.02679425512773
Country A,2013,2.0350323263469985,82.58067449987368,7318,1004,34.64105285501335,40.600151363634126
Country A,2018,2.096340455795947,88.97704807869673,4796,837,16.351528207303133,67.64074378591745
Country E,2021,0.8215160340193282,95.43171315449318,1234,1007,28.676931233221154,77.03317905333131
Country A,2023,1.842237100470364,61.497462010917225,4607,783,25.7984639558009,64.25089937620206
Country C,2011,2.0978517993650696,69.5664798746561,9043,495,26.110254204303146,44.27015150813608
Country C,2019,1.227411510904189,57.468384653190455,1522,435,28.888636083820256,88.62306950139511
Country C,2018,1.307729692848143,98.63169160576038,6904,255,25.13757105951845,65.90052156880489
Country E,2019,1.631852489313868,95.42304742829047,5888,1118,20.01718292559331,70.70931221595058
Country B,2014,0.5602135933331791,76.45789938374742,6832,559,14.657294303319139,51.830489135375366
Country D,2011,1.4662374967495349,91.25963142444465,8122,1106,31.900346581962072,64.1749042553402
Country A,2013,1.134344020989634,75.52694088633007,6842,309,12.919535050111516,61.45747459791609
Country D,2021,1.482492056533744,80.55569871213523,2316,391,29.232400715404495,43.74479210009919
Country B,2021,0.8592863954577536,54.36709717368481,2124,1103,13.166648792726432,45.308017677373364
Country B,2016,3.171581842219685,87.00825060434359,6621,292,26.886555948405885,81.87362598093873
Country E,2021,2.280777360662146,56.25796069812651,6423,1061,31.147739349516012,51.990997610329515
Country C,2022,2.5373069574334686,90.47731388237389,3587,767,12.654986111728872,49.74791357493153
Country C,2017,2.8675137158220148,88.31937629584891,6672,259,7.09801553014579,65.24557256250696
Country B,2012,1.9953265967871718,84.72849018940585,2378,849,9.584081004796094,78.43735656812564
Country E,2023,0.7607608642622711,51.771858645713344,4374,238,26.20989385448589,43.097325928949395
Country E,2010,2.1113196254556432,64.8532894413211,2519,739,34.73062421790074,68.84039598191279
Country A,2013,2.2605233540626375,62.8925159256313,6777,248,6.574888743239853,45.960522142028665
Country C,2011,2.7363184225529897,67.64668396610443,8935,619,30.695294066457617,41.82305254128092
Country B,2017,1.794978638689038,54.29449459142809,7093,836,16.946152608251822,42.63719760811087
Country D,2013,0.8827409083866913,95.91093332852208,9418,212,21.748492947183287,81.70820541042207
Country C,2011,1.3513277173961735,77.13630979490644,6355,1191,37.51008424459479,45.89862418140308
Country A,2023,1.5892468891959053,64.97069122224315,5968,235,16.619002665754593,42.2575682206146
Country E,2015,2.4377517239948037,69.45209433663989,6574,300,21.286792687882013,61.89499435714561
Country B,2015,2.2123349140067354,71.91292448473695,5072,993,5.478884516623839,82.19967359710124
Country C,2019,1.5682901776935387,79.42912233467024,3257,285,7.855955200169342,53.1204188244651
Country D,2013,3.459545746378939,75.26829195712838,9588,715,14.050705689717441,61.085630876295824
Country A,2015,2.3173244580706616,95.05020668750646,5424,422,5.974828428737604,41.99612662818756
Country A,2022,1.2116803752079834,74.35121066238568,4237,537,27.098136411688785,62.45392570674379
Country C,2011,0.8053474178612112,98.61574272634232,4893,1159,19.923942488056788,68.88065403185668
Country D,2019,0.9585774175529961,91.71982292950969,3005,365,24.18508209548077,68.54535268760723
Country A,2021,1.2378731851535245,60.217015203509455,3016,582,11.112651506371535,56.62133460871826
Country B,2011,0.982044119778667,95.5991655175519,2772,1055,15.357621030281564,55.776659033156776
Country A,2019,1.0597010721539173,55.70195349638833,9353,1094,28.23385661984538,45.331180946829896
Country D,2023,1.3552855060815414,90.05503571606839,4976,575,38.785595327063994,58.33991603231342
Country E,2013,1.0201207858842645,68.65054138035242,2751,670,6.764587076077322,44.97473344364823
Country E,2023,3.1902962738792757,93.0207417018084,9967,989,36.16345122993431,78.32979723560258
Country C,2017,0.7407012369849266,92.53477781526507,8430,841,25.190842045892296,88.31371488740929
Country D,2023,2.073534168710764,89.49034460576344,8170,230,24.73718483644683,88.50372283333535
Country A,2016,1.7311904809689844,88.71149137904601,7469,574,22.50974873227161,83.25355496876969
Country A,2021,3.447135850725819,64.929277815804,4220,210,7.428793006646419,70.03960746698095
Country E,2018,0.836116706504157,53.96504486951136,1539,1187,8.145689810765624,75.043284862194
Country E,2023,1.6935667971372248,69.74602875949292,2461,501,26.031920198068015,54.26029013402071
Country B,2017,3.4084112998261067,58.50270123433893,6184,295,16.93355000024454,71.53852100863104
Country E,2014,3.096521377681941,84.05260335622063,9547,389,37.104382330218826,62.78247747199387
Country B,2022,2.95121621284784,66.95888660035149,1234,652,19.23066880758153,64.10086698884663
Country A,2011,1.2737084811348196,97.80489984213582,2548,391,10.014851054592437,77.88882801875789
Country B,2014,1.0126627621701974,81.40763178992127,8480,685,30.01515917257126,54.09591777986258
Country B,2017,2.505929659773293,90.30154761808369,5213,465,15.267369750435344,55.90198058472599
Country C,2019,3.2881279673827573,56.493708964350574,2673,623,23.39146075745626,86.23208955643183
Country E,2018,2.1702886790417892,92.2387096313585,7708,327,29.42414749268095,42.811214742548614
Country B,2021,2.2148380684096995,95.21510233515633,8982,437,36.50924389207246,64.28171492066701
Country A,2021,1.3399372809808525,73.86603402212786,3100,1119,32.72669181805867,85.64004002039309
Country D,2021,2.808478799575811,79.7063939497979,4748,554,28.672637375545342,70.51815039090785
Country B,2022,1.0611312456725701,87.47568024424677,4173,1139,28.787161383830025,67.32035371060661
Country E,2018,1.4710377092127311,58.56709273576021,2815,311,38.10736254112303,52.48720896146776
Country C,2022,1.7763093158492502,74.62573774670868,4841,1027,15.353843412378762,57.163774453222416
Country A,2022,2.022831136053365,69.53448836084334,9016,645,5.038923296866559,82.60242079023465
Country C,2010,1.2272291972452407,57.17232561595021,8011,542,14.518409578936954,67.96090658842292
Country D,2018,0.8445104742176106,68.00918669228504,5493,344,12.62619828693604,65.737109687839
Country B,2016,2.331860127324898,53.34044315988918,1674,264,28.164210478989936,44.97898567700145
Country B,2018,1.3658916597207673,51.264783440524866,9088,446,27.179905991793518,40.801407822756154
Country E,2017,2.243714664267837,56.62314816858631,9578,934,25.771148394665335,88.18425943435246
Country B,2010,0.9630881458226069,97.19264046786952,3158,1190,5.568520512330879,58.84930836434208
Country A,2021,1.9434203055644526,76.92694725885583,3661,689,30.507231905772663,70.16065310497521
Country D,2017,2.0977682976547576,97.32528589650778,3064,1024,16.323564436992203,43.98575365936425
Country C,2017,0.6554706104672807,71.19239603817647,4253,638,28.276959615232087,74.15571428615232
Country D,2020,1.5098128345817616,65.27899052117772,5979,305,24.480244997575365,86.62833543529806
Country B,2012,0.9032440308169227,74.80095127917195,8703,380,16.99558238997675,68.78326264987098
Country C,2010,0.6901249114183032,71.5360727430126,9931,383,9.71016934864377,46.30576611877053
Country E,2017,3.4698806971698355,55.17756952882545,2401,425,8.304661418116833,69.08607637367383
Country D,2012,1.467061534924169,81.4004894198201,4259,976,34.103141658927825,78.31736065523262
Country C,2012,2.9296233375639047,60.58587094297038,4923,989,37.14391397285453,60.32082682870093
Country C,2010,1.2639219642912916,80.35980978999365,5214,1108,27.742581636750486,83.99188739707338
Country C,2020,2.544508166671788,81.85985352750951,4227,288,8.620194020116918,72.43414766786822
Country A,2014,2.7806835796690597,57.44921780330375,3745,887,19.070952591088425,84.96244591446012
Country D,2019,2.2869162218235326,53.00613172842274,7091,729,30.512872003680503,71.17526556236686
Country C,2016,1.9147285656504751,88.25731771735354,4866,570,32.29373094035238,46.56439860024121
Country D,2019,1.7355227424418056,72.5302207646967,6818,1171,9.1376517801881,55.48458555525946
Country C,2018,1.546604799628986,52.85002597976831,3222,1135,5.0010751595883844,50.08974741262284
Country E,2021,3.2885874327434776,98.74844954131859,3792,1112,29.924796605821175,85.44132488584312
Country E,2016,2.991858223363187,52.831247488821965,5063,598,17.4808661595172,78.02000336437413
Country E,2018,3.3950807319995375,84.0567262140691,2524,305,13.906846606639109,73.81991844550029
Country B,2017,0.8728916704566342,98.20026733790726,9224,470,5.451411442633391,55.048315981581084
Country C,2021,2.6926024256109327,61.71982510658036,7198,1174,23.91047923665249,49.202238602510675
Country B,2011,3.3150213704631133,56.97021906567261,5025,1030,34.79027573990936,77.8225543994456
Country D,2010,1.0436991984969803,55.94786203169902,3566,702,38.517107619540575,63.707897293953984
Country B,2016,0.6994888021003325,64.86048223081218,3803,878,24.80107327146512,51.28947760753145
Country D,2016,2.723361947870177,54.951244739521684,4709,724,23.006146470896297,70.83109890826375
Country D,2023,2.2234193395397357,83.91590574301247,7155,1048,7.976973492123438,42.0166926069226
Country D,2017,3.0254863302748163,53.05229810837307,1719,231,24.21054805399099,56.30851270641267
Country B,2014,0.9193171298788685,74.96168427933969,7516,592,18.299267763788812,63.42784972955673
Country C,2012,2.8858019355796705,98.83814583879587,5579,239,26.249734830925192,47.397916705470294
Country B,2021,1.1048819601432336,89.88454320579493,1972,859,18.605422175679134,89.23272387954198
Country C,2017,0.9909678285971135,80.14575247331953,4718,417,13.410469320762836,50.45486822948071
Country C,2015,0.9927973937929788,65.00642741854398,8395,930,8.323784632993178,46.51765650216328
Country D,2020,2.9437241606941464,80.57089597829028,5402,1180,16.02214556061135,50.17674369434482
Country B,2012,2.4955916620886005,75.82503173167093,5552,281,8.38256920007133,78.45305665798621
Country C,2010,2.069196274307358,70.8780858106282,3207,1044,11.191393278839438,61.27528296359214
Country E,2012,1.5764914523705076,56.40480846026978,5426,919,39.556765550284105,68.27079698762691
Country C,2014,3.131601622439325,93.44360654678286,7919,400,20.543624491731652,41.050457849318036
Country E,2023,1.6773353222679062,72.0394477922448,9835,646,23.61551182767558,41.72156542866573
Country B,2012,2.9497983184147314,59.53650307921749,9386,1043,35.57664850580254,62.29127749135081
Country B,2010,1.8174047257106554,68.02020819298718,9680,627,39.844911517174076,80.83276216008117
Country B,2014,1.6308332882747227,70.29235787391742,3204,237,25.395005727063854,84.26194393537827
Country C,2019,1.8880393570088194,90.54935688277683,6345,410,33.43658373654601,44.33532837978201
Country A,2016,1.4041336224924263,85.9471046475087,4276,643,16.442935851783634,66.91815510505114
Country C,2023,2.7428281405287533,87.69593978842565,2102,526,15.701038510655188,85.66148431396353
Country C,2016,2.0081611702774373,50.540531957003715,6243,960,19.094630234809607,59.39863771989432
Country D,2020,1.196638085440452,70.39154591080832,7614,426,28.53775419357772,81.47829157141842
Country D,2018,3.1987237198237053,73.58586343013086,9707,247,28.876709123928457,46.68478271997181
Country C,2019,1.6516736641196341,50.940421564329775,6223,217,16.033380212730776,86.76972448338994
Country E,2019,2.130658583341966,62.730847228506676,9584,1111,9.662347344782004,77.57116587656513
Country D,2021,3.219416332893641,87.25420133298462,1630,638,27.1338689762928,87.06671963934508
Country C,2022,2.3727139877419763,56.71837558072095,7683,1006,9.491405176606758,73.83086167762532
Country A,2012,0.8506941221250922,76.23019644117699,1277,907,25.247237788026553,58.17019659997135
Country E,2016,3.3194963708404255,60.54489172884464,1232,386,29.269774481970813,86.90905862623612
Country B,2010,2.383124159214254,50.59391795755077,6690,544,29.521402373805806,53.77833881545892
Country C,2013,1.5047168439712584,61.81887142237753,8659,423,31.371523873085884,56.60862610308663
Country C,2022,0.9178162179901618,97.81781399059264,1025,1029,35.55007975479826,75.04042090008701
Country E,2013,2.882075567810888,89.2753184822665,8468,687,22.498564718767597,78.26581497626931
Country D,2023,2.3602182677855406,97.01925557173064,7410,1108,30.55872163353499,86.47017419245769
Country D,2014,2.1003832759289645,73.90484815239176,9652,1076,26.671045737804285,50.24012045281047
Country D,2016,3.1816777491528727,55.37707373519767,4764,1048,11.53239789291889,79.8999017609612
Country B,2016,2.8657916336735925,76.85001495971096,7599,428,5.899137570429286,76.92730266984817
Country E,2022,0.9550246391982535,72.26448939343808,6102,589,14.958948498692681,43.18972781267989
Country E,2020,1.4351662033866446,91.37349705424118,8006,1178,20.50617972181668,59.36115706051035
Country D,2022,1.2454674194433972,54.806046458427986,4483,788,26.59870805500297,54.13827285300493
Country D,2013,2.731838877718031,73.92381571406713,2994,387,34.74857656761219,55.22452121770152
Country A,2022,0.6005973042073381,57.35238457000523,9682,1057,11.868600084715798,89.14734397773503
Country A,2016,2.2096690546139497,65.90912041761294,2072,469,9.394242646446699,72.1388706739964
Country C,2020,2.7873760572220716,86.13049679200219,7707,806,38.72179816160146,75.88380788967498
Country C,2012,3.1302969102852485,73.32488833906956,1215,509,8.78155957817425,88.83088186575046
Country E,2015,1.5262452461477225,68.4185259721427,8605,331,21.74718745375162,58.86008912288193
Country E,2021,2.9637719140160383,69.32933764993173,3606,750,25.494730507765567,80.0920084226403
Country B,2011,0.8318952108656217,72.51289165189334,9350,271,23.94810473176034,61.72654816522477
Country B,2019,3.0393568752035547,88.46581064801579,5781,992,8.011125496153012,83.47668359074899
Country A,2022,0.8824659869959472,93.71214975807149,4313,1044,6.995941990126678,49.03287706556516
Country C,2023,1.6918618716811018,96.81139963869248,8763,871,8.691919961136248,87.38430885321398
Country A,2018,2.891886097338661,88.55826592650946,6939,386,25.49556893554144,50.93858542054399
Country A,2014,0.9497522820463213,65.45493789165262,3295,685,24.05207106720124,56.311025349046574
Country C,2015,1.1877541856979246,83.71860059824056,6685,390,13.180927721286048,77.80961170533902
Country B,2021,2.666757705179199,71.44255307871421,2696,621,27.322094964595706,59.68775707827034
Country C,2021,2.660109609638223,62.47886048025651,2946,319,33.70236257194773,70.41056883832233
Country D,2021,2.423442898655892,91.2027073918702,3783,419,6.455263594630782,62.22867505347142
Country D,2021,2.5818453334013,51.88289109915392,4644,252,22.434548024181485,77.1184968544891
Country D,2013,2.1281733300427885,94.18633761463576,6241,933,29.12586442359416,51.41656261843055
Country E,2023,1.2553971767208583,72.61239576661197,7420,650,13.830917447439047,42.92289936184385
Country B,2023,1.5370879805117583,81.22287236360575,8557,611,15.771981685260219,54.99646987365331
Country B,2020,1.044793150404277,82.30834218808334,3645,842,26.477326604628434,63.715433243421515
Country E,2019,3.225351684000885,93.86076929462028,7589,436,36.42773527053079,48.40100260963393
Country A,2016,2.2501753842983616,81.19681442619316,7353,957,33.34735471060148,57.739864482819435
Country D,2021,1.7025542502909197,80.08274565324302,2932,937,25.409557668485423,59.999150914678424
Country D,2018,1.8860174109323982,53.26594998747381,2757,919,30.557760121503723,42.869592184413676
Country A,2016,3.341850018835446,75.401993075315,6085,605,17.768786457272952,69.16536240921023
Country C,2023,0.9600542093482406,57.35828104003504,6637,807,27.43379348345652,84.21717139856437
Country C,2010,2.258689496050392,86.13425466735279,2116,621,21.316355689464494,47.58714564765262
Country B,2010,2.017666036653398,75.09887411982105,1492,911,11.647764776014633,69.8904006700757
Country E,2018,2.3343627063039434,83.33116118120931,9811,446,29.560839585704002,73.23696024554232
Country B,2020,0.5543305514625215,52.04197212951683,8888,271,24.47626230720877,60.96673402096442
Country C,2023,3.1163717268324547,54.15480878624436,7474,1029,17.551755368375698,75.0548793682135
Country A,2018,3.296354847450837,85.09984601507142,5958,384,36.896871652752075,60.5365771745506
Country B,2013,2.1953995507676267,53.53213246393499,3743,205,5.732694123935664,65.23186439887175
Country D,2022,2.589952471630677,53.49157966049767,8866,405,16.05206029373236,40.36765222772135
Country D,2018,3.267498143531887,50.59331528650949,8160,743,6.99084892221763,74.58600570673444
Country A,2012,2.621715902940196,96.86856851667453,6451,810,31.82845606775695,73.06713394723621
Country C,2016,0.957617128742784,86.13790961349133,6258,1105,29.57376089398274,41.92004386631723
Country D,2015,2.2288650805004395,67.30931901660114,9548,586,16.597327655771096,58.41250536975666
Country D,2017,2.3201451391485675,64.5302434830951,8186,967,28.648201577247555,88.95159203958337
Country E,2020,1.772392013907158,67.13545825754663,7102,898,18.857802916858244,61.03682812843084
Country B,2018,2.7093327068741684,87.95802302787791,1619,275,31.4688826997852,65.09727025659208
Country C,2023,3.3031010443070445,82.4071599424503,1882,376,20.896428195784715,85.49650790798593
Country B,2014,3.276705538720329,59.07458282550593,9988,1026,19.429790474108295,75.86309379328782
Country C,2010,1.8525181142123963,58.53135743137013,4642,998,37.715547042090535,69.10350655621119
Country D,2012,0.8397141375222658,54.82138683595647,2296,548,13.780768496174508,79.89023406705363
Country E,2019,3.454523596887004,82.35483326536557,9436,454,9.21565689987979,83.21831332279866
Country B,2021,3.016694259337802,87.45426044886506,3895,1036,25.459008964081036,62.84440358686334
Country D,2017,0.8739880436098005,62.9872749879252,7593,901,38.92626342994626,63.75541824659177
Country C,2020,3.262525647852117,51.02630309051473,1929,507,18.224372480451535,59.30254678259179
Country B,2015,3.1096890861863846,54.02641170634494,6366,544,7.171286727007353,88.33530700092302
Country B,2017,2.0565141713782165,97.4251417074065,9711,326,16.87568435583486,74.85831271451752
Country D,2018,2.2738263072347875,64.47679409639359,4212,1136,22.707607901184545,44.16115331040361
Country B,2013,1.6970081116103908,87.69193424406855,3409,486,10.667305232127479,83.14798116565092
Country E,2010,0.664284916466094,80.60851487385892,9199,965,28.03357763197722,64.0279970418134
Country E,2023,1.5055917249377027,68.7150423429919,4423,924,39.92122861535702,43.43769532112437
Country D,2010,2.9085603457940343,60.078675847582204,7976,961,20.810881659350535,67.48586275816555
Country C,2019,0.5138960690138086,55.94793448981092,8594,795,17.41549948555744,60.85821394878511
Country D,2013,1.5004975150734325,80.13563543390447,6158,686,19.024645839206332,83.88747024313125
Country E,2021,1.6945060807728298,87.9570552512516,4667,582,9.03011624383204,50.199730180469366
Country A,2023,2.1121868088137687,81.55130842351541,6973,605,35.914576049917834,81.32323047460915
Country A,2016,3.2595668492382814,75.98480452920876,7236,587,19.518897943247318,67.88443455927263
Country B,2011,1.5390379830978838,52.05560994815018,9277,724,18.554604399869447,42.730515160673455
Country B,2012,1.540859605688683,97.4559501021248,3468,756,28.089159552566603,88.59226506627422
Country A,2010,2.7125037443292452,89.13699539107415,7217,838,20.471169732589324,65.63076220516
Country E,2014,1.8566538226694216,64.34827979834728,4619,1137,27.688171408274613,54.543842711579124
Country B,2010,1.1738144688199459,98.01854613858367,2636,825,7.150620154577563,63.470342099462904
Country D,2017,1.85731854839808,79.49219789217977,9155,1144,33.48031703027796,82.89288917587444
Country D,2010,0.9225710611393996,78.53871025215508,4583,475,37.91763835077909,55.245156219253175
Country E,2020,1.02916095951867,86.65558579204708,5009,699,27.70678851557851,49.63381982433501
Country B,2010,1.9951033182184392,89.77671961641674,4326,916,38.40980751005838,46.453562346544075
Country D,2011,1.7567763485136436,82.16745175924363,9148,536,10.300131002948715,54.89296991951056
Country B,2011,3.2445377032043003,56.2766915719438,3217,1149,21.70956663181238,79.00240435200217
Country B,2021,1.5871816973498993,66.57510779373042,5967,1131,26.063235688090653,63.58131825976308
Country D,2015,2.2417650508341302,95.47609837597643,3369,680,25.360782659741535,51.374080184677
Country A,2016,2.3967928637585914,61.00616498034874,4638,1096,19.051162268116514,48.30924998048746
Country D,2014,0.5392833697650009,68.23618416803815,6722,1110,16.83295432781915,56.636473825518955
Country E,2010,2.4906121160501318,71.17176726426561,5444,1172,9.438840789264658,86.99621864428545
Country C,2010,1.0341079006092544,71.53084449502816,8618,472,18.710985769679738,57.15133562950122
Country D,2012,3.3832109524083656,80.03403954223175,4947,1119,10.693128528691979,89.40620379773176
Country B,2023,0.9459881832593389,96.21071604949067,2676,257,30.702798677227644,64.26152278826781
Country B,2011,1.7438723711810713,61.793942879792745,2196,527,12.30908274231065,48.95819591450754
Country D,2014,0.7560490042359316,55.95356743874498,3787,930,7.049785684958685,84.55700458967547
Country C,2021,3.490622755537842,59.676054003136926,8432,308,24.3328148236032,63.017768656741346
Country D,2019,2.006585030993728,93.4593201102542,8927,478,25.833040645179057,75.48356717522623
Country C,2015,2.2861550519601312,81.6447298201051,4318,885,35.516957144817695,89.18557916045759
Country C,2016,0.7012294321652824,64.00943267271884,9858,527,25.194356434618864,42.5087675159987
Country E,2013,2.749881411197533,89.98140000946225,7689,975,17.091829880320603,44.83472798937836
Country B,2016,1.1297167792867573,92.20712982180837,3176,514,33.10541585342122,76.02283707313781
Country B,2020,3.1941628683221412,91.47920259582362,4743,673,23.909761261559737,54.0912501647736
Country C,2017,1.1154189214460215,95.02740014833816,9792,310,7.774809962091711,49.21506984750495
Country B,2020,1.0720631619909997,62.35980998849472,5422,898,24.804769610963632,41.968093990986475
Country A,2010,0.6096490035442846,86.99705450856763,4824,980,36.780649089758185,41.09233559931009
Country C,2015,1.9162008353299977,72.56643536643286,3451,1134,18.87094189243772,78.72428015598955
Country B,2017,2.1945233997878493,91.25792909161302,1628,428,15.371403066493002,46.7216713684775
Country A,2014,0.6971259182850571,85.69604318091905,8778,696,10.021430995630702,63.38603079855754
Country E,2013,2.826582850085032,88.04592487848652,4696,355,10.300593267737506,70.29484075897415
Country B,2011,1.8598665042440827,82.15193004637251,4674,672,20.14700195196366,61.41759002844231
Country A,2015,2.07317080798274,58.694009704015635,4929,900,25.848793845653535,41.35533261681166
Country D,2015,1.8222882408146845,76.70631902594998,3765,471,7.821539180936061,79.17507512939545
Country D,2020,1.7022891826259778,98.2488172367009,5369,1086,37.8849006158808,40.52566122708267
Country A,2010,2.1789209939246534,95.93201525835883,9307,201,31.429676610581858,78.0944947188742
Country C,2018,0.9657207377921375,52.11551305405357,5956,957,25.531837139928193,84.66522468940613
Country C,2021,1.0457843914858134,58.07592597074242,1692,921,33.99535348286468,61.641996052858616
Country B,2020,3.085356863040552,56.45470989927353,4162,710,7.806536488423966,66.77712365488992
Country D,2015,3.3383463864008984,85.57301558927948,2105,1112,21.689360720659355,63.849169630882685
Country C,2022,1.6199279488392588,90.07148116299031,4008,485,27.053259440158218,59.46043093117194
Country C,2012,1.3122340194306612,60.46205694922293,3161,1070,34.00285171414012,84.37122676851801
Country D,2013,2.4319986297170475,74.78678195463962,9345,212,32.42143460172437,84.69667553349953
Country E,2021,1.726202513294289,91.1944483725488,4699,807,14.697423739968988,56.79081823207673
Country C,2020,0.5761590669810346,85.90727569354628,4786,697,37.93080593457215,70.7534877007349
Country A,2013,0.9684577920985711,76.56962306910057,5200,932,9.352104450080462,86.34537810729321
Country B,2012,2.6479166865421924,78.92703683247987,2913,437,35.629676651740326,88.10292494706758
Country C,2019,2.476771825730454,74.90966679889772,6520,293,38.98290873616165,65.44795202110238
Country C,2012,0.5812879775104505,64.57987411462221,2772,537,11.200373312791895,62.641240264216336
Country E,2012,1.1659164857988484,77.68607765009179,3780,980,30.272312247132483,53.93471579642629
Country A,2013,1.193224389764214,83.75537980045445,8423,370,6.4099931572299464,87.9435936595205
Country B,2016,2.515678230796185,92.79282287717957,3871,1180,19.189798879870423,47.14071522364337
Country C,2013,0.5591316132630925,81.17827634498316,1660,805,23.06991547191859,68.99147880238625
Country B,2018,0.8123257459537215,87.29495531511475,7242,860,25.322582906837194,54.12751337593194
Country D,2010,2.899748256119568,57.84351011277408,2132,823,37.75780368869958,53.95041451738983
Country C,2017,1.0356339861630008,72.61631624656971,1699,766,28.528774055296815,60.248429368809425
Country C,2016,2.458238323555624,50.457249371527574,8470,1048,21.844728292673295,89.93964679078272
Country D,2011,1.2145483431401796,62.08726436155953,7297,1135,33.338626269306125,42.7483153419911
Country E,2017,0.7983241782780355,85.59662404053724,8812,666,38.26864873340431,68.92709091017657
Country C,2010,1.2295165729983624,98.59868761611881,5557,827,5.772315203880179,44.12860790176386
Country B,2020,2.6668007955669775,54.85972687977358,3179,342,39.38824452896135,47.72604149952595
Country A,2021,3.0670894043188572,69.67322147720313,9275,400,8.014624867228811,61.97814708864493
Country B,2018,2.9906595937009746,89.20347746625882,2422,379,33.503537274406646,65.52300656732206
Country E,2018,1.6915505888553644,59.997746096816044,4180,913,14.811716339299437,52.9396204182262
Country A,2011,2.5042554097119387,77.19916251581202,5316,563,9.62628802138551,55.82285654372081
Country B,2016,1.114952886247463,85.92049350545406,7696,678,20.39494738998422,44.348351012796655
Country B,2023,1.3794431907830398,80.18328706274878,1614,764,27.538480280666473,55.160989192212526
Country D,2019,3.189007455563359,59.213211996155394,5570,670,18.333314575821625,88.3279219690272
Country E,2012,0.5390057705322081,67.41384386560124,1270,583,6.909789289894464,87.23536908362408
Country D,2016,0.7565255925634042,88.40579743978446,3468,891,25.981139888055083,56.74391450684925
Country A,2021,1.123658765438082,77.15709919246882,4607,1125,36.58411466387362,68.54269681393808
Country D,2019,0.5795966116214591,50.256251063602726,4075,616,18.412537808153807,85.47976955554722
Country E,2018,1.044306305269392,87.28854724137659,1289,1024,12.571647217078947,40.30919113204483
Country C,2013,2.2491246829090765,51.730256392071716,9120,507,20.490207107648537,80.53417851687959
Country C,2021,1.764273651777494,86.54095535383038,7614,848,6.692694886707331,87.41847763944594
Country A,2010,3.1780151332309243,59.92154744809663,4252,893,33.71706545680962,44.56628671667785
Country C,2011,2.9523306852153226,96.94560052584963,8415,566,33.921928383256535,48.07238430164605
Country D,2010,1.525452055093628,68.02909681380214,7771,200,25.580016220036995,88.03731513856778
Country A,2023,1.2782703002938773,66.01964920056588,1278,243,17.35860111284363,66.87700718201731
Country E,2021,1.6390772245018006,57.29551446628979,1580,938,32.99241775560242,40.709831723586184
Country A,2014,2.2708848275444233,64.97460655902053,5958,1042,24.41404586759285,52.88159993817646
Country A,2014,1.3041909224686288,92.95588732958183,9445,297,33.90763079925057,62.49718371344298
Country B,2020,2.372446723547402,98.82038254373512,5276,919,27.10105774040572,74.64544555123838
Country B,2016,1.7282349565737212,68.04716699483556,8997,464,32.4541915624479,76.65801890683997
Country A,2018,2.1561415425559405,71.9819209167726,5776,999,25.9497047626216,89.7710756462728
Country C,2018,1.80837958740595,85.38147597193412,1824,982,19.49493738754832,54.37555996918795
Country B,2012,1.3833972786257531,93.42359324278866,4832,339,38.528105097414816,66.91100509342377
Country E,2012,3.34535992088647,79.05917237515243,9891,680,23.938983870759564,66.66617739298025
Country D,2012,2.7908173824792826,69.18475921071364,6445,436,26.178133148918842,60.28226297236188
Country B,2013,0.9203395272993576,70.21847020158256,2380,1173,12.717067379516223,48.45809469212101
Country A,2017,3.1054039276937386,84.08528917834354,7534,1152,26.89777762995468,88.87282815919212
Country C,2015,1.962293594748541,50.15769491660966,4156,1103,25.006267731903034,82.66585933332931
Country D,2017,3.183656680682274,80.35987753553219,5307,271,11.469343928145873,64.91665141471186
Country B,2010,2.8995657678419455,67.41915751162651,6634,866,7.085548407360029,70.16227113420149
Country C,2017,1.7756405134077005,88.91566923257713,9575,389,26.152576190016987,51.36305267798311
Country C,2013,0.5674079249603522,54.55654135133348,6810,467,31.729229427261217,67.18935351958734
Country C,2020,1.3060320781548382,78.82191108047114,9533,520,23.319047982270288,74.7485066560738
Country A,2010,2.1249026439826006,73.56767160442007,6934,306,12.9370418861876,65.75835141932944
Country E,2017,2.400434659478442,81.47395076935615,4109,431,28.32826918425622,89.51425852924706
Country C,2013,1.2736630562996067,53.17782612966545,5082,241,7.803700431336079,70.5670828123863
Country D,2015,0.9180682222184724,78.41920558397842,4240,901,20.46417966806841,58.54868562960846
Country B,2017,3.0047907103978972,77.51274481001667,7028,1082,10.717836543944706,78.6076013807919
Country D,2013,3.4532065421106566,77.47234462639237,2849,338,11.456066787095917,48.523125579082105
Country A,2023,2.0770705469080575,79.57089566322628,9497,814,12.080288220537128,59.22579068531333
Country A,2012,1.0150378575449106,83.14692892409175,3749,882,18.534746996539226,57.347947518879295
Country D,2023,1.3169219795581069,89.44446098435772,7680,1062,6.790257196713917,61.59035475538886
Country E,2018,0.5551720296424002,63.2212152862825,1205,472,18.922770432518437,79.08899129643632
Country A,2012,3.242896419681497,90.42742109882303,8352,680,22.90976064901453,64.20865160817037
Country A,2018,0.8532532486704234,74.41452843090923,5591,615,21.915299973821384,79.70072251329813
Country D,2022,2.2295494265427607,53.77585567758223,4450,705,18.39744351410642,68.82444515699329
Country A,2011,1.322165662061618,52.86899553295498,8214,932,34.370131282476336,57.103471732877765
Country E,2023,2.1625340075473805,66.37767761610698,4811,924,10.086434234717643,80.49893718417363
Country E,2011,2.4542611650555926,88.45995187846191,6141,1052,22.699386032348087,51.91448352765458
Country E,2011,2.989225411121605,84.67636580230487,9501,623,7.1714495934794,51.219148989989776
Country B,2015,1.1192638152818097,88.64213326894792,3708,606,7.490448760726841,65.2251462027418
Country E,2012,0.5329874859754414,75.34618376563886,2991,767,25.08530473869837,53.04246229810445
Country E,2022,0.9106568902064218,71.56975089981904,9463,589,24.810644871073734,40.454351747560814
Country B,2018,3.2000559255443153,57.22517380860791,4273,541,35.731172949556,72.41487636494008
Country C,2013,3.1216702326875456,66.08144492685626,5538,1145,24.52557864810256,65.55469107361989
Country A,2010,2.292239306510925,71.26694894251989,9712,813,38.592685714169754,62.275890724658055
Country E,2013,2.30155058130096,54.34142105430124,4722,1132,6.704319693997542,88.34842573091576
Country A,2010,2.4951100236387664,60.80998568284935,4551,692,8.430268967325937,68.55995919814569
Country D,2023,1.0261138358703488,79.3130394091232,3832,391,6.542305154963349,83.17157888946923
Country A,2014,3.243235837774879,86.0474925977203,6679,698,11.4846897616739,46.97251181025801
Country B,2013,1.7563115746762192,98.91902805825453,7579,1021,23.944453882958733,68.46032315647139
Country A,2017,1.6494155847484924,95.72255323583433,1152,911,27.59502634995998,83.39898133654515
Country A,2017,2.0567531158485126,81.48569477722438,6754,432,6.595480528203408,69.1552878639949
Country A,2016,0.6408979003251651,70.64115461140953,3800,1144,38.10898114459597,75.90070890635008
Country C,2012,0.9988501062682382,81.1726908707034,6310,426,34.47578818276334,58.60217839061037
Country C,2010,2.714100849279111,88.49692928593137,3610,570,15.38143687549826,44.62247585185333
Country D,2010,0.7483960037753794,55.79847335524598,2104,338,7.701563557926379,62.895014756353575
Country B,2021,2.3094563283991647,70.08533959511813,8361,1055,10.946047562667005,59.72396954194288
Country A,2020,1.2360473290439629,91.15031199614523,5199,1016,9.443054481424044,83.35300911894737
Country A,2012,1.6678868421259296,68.80781464471916,4854,348,9.31493227546314,52.19976511762361
Country A,2015,1.3660812103120996,78.02174129013214,8263,314,23.14965910330069,88.3367113767554
Country A,2016,1.5670181493948474,78.80069868224771,2914,649,13.60466048726901,87.9069059902248
Country C,2015,2.6571377155527367,59.039336403548326,8365,262,17.534890078520057,52.381582153571934
Country D,2023,1.391365146869525,67.74953664096213,4072,303,39.632686668451285,57.40259777386602
Country E,2023,2.1992139208906916,66.39105314835467,1406,1050,28.950998712387065,84.77778704369425
Country B,2015,1.928151206597299,51.283638718071174,1166,1070,38.214323346645045,88.33111104480537
Country A,2015,2.4910134960879446,51.185396430676406,1508,867,9.989479426159047,62.1719551418022
Country D,2022,3.3104892179742738,90.75315514011291,2661,472,18.374881619139924,56.049852282044895
Country E,2012,2.697716291630751,63.38046968866781,4664,205,24.4156131148824,66.3047006625771
Country D,2015,1.1448211357722702,75.38585954570195,4489,346,7.686532166105831,74.38846031828675
Country C,2017,0.593549405183854,64.63755310584988,1680,383,5.146560526978526,53.673725768748994
Country E,2020,1.2867921328994751,96.09328301065167,3524,1197,28.465201682892115,76.82365873095364
Country D,2020,2.2852337921007644,62.70554118442291,3120,227,27.46368308805024,42.582867855732054
Country C,2011,0.654277440452751,71.05318382420782,6260,1161,19.37760834998641,42.46472463822082
Country D,2014,1.989098741603709,92.76378227374549,5357,749,22.13754266112114,59.314385257277266
Country D,2023,2.2905285467506675,91.25474477279863,2363,318,19.54050502072314,57.67365960303603
Country E,2010,1.5027316724508823,59.11896947446759,3292,492,5.84017656957111,55.78166076835761
Country C,2021,2.8127366112374657,89.32952217998981,2538,570,16.738006217611186,64.5509881334455
Country A,2010,0.8197947594013154,72.45115745015674,4408,443,11.197878938905145,56.036679115578565
Country B,2014,0.7254133452074263,73.6654747321824,8742,779,8.444846618547906,49.612895923404594
Country E,2021,2.6845662686108103,56.540518648381244,9752,925,38.48521518612724,55.473477454430046
Country C,2022,1.9864739486185954,53.94947417409911,2903,417,25.977590376475796,88.74521364051175
Country D,2012,2.5652071892832082,85.66902604171449,1174,376,30.502969948281095,60.55567084974243
Country C,2013,1.8044820158112387,74.3265964654097,3230,498,16.03773101431411,62.235638842916785
Country B,2012,1.2392060997173204,71.4056844281438,5287,875,18.760149532290534,68.827249497557
Country B,2010,2.957306953022599,85.74590320396743,5160,257,13.292339786385321,89.16703842071132
Country A,2010,2.898247636906938,87.51013205056438,8106,468,8.393798483789865,52.08006382178815
Country A,2021,2.58408941256328,57.78650021579833,4171,507,11.266107310455432,74.06410552662169
Country B,2021,1.3164354116898882,79.90103232440443,2567,769,32.912991585377,75.7992346770862
Country E,2023,2.2706920006072613,56.63235003160659,2151,487,28.714103181432154,70.3662208396533
Country E,2022,1.5829216908200805,86.81737921542324,8619,1176,24.14251065949169,44.4289169818322
Country D,2023,0.7747462199799025,82.19080265708983,7033,304,21.628145550336882,73.84361379137883
Country A,2014,3.2519407263867284,96.87411643308944,9560,427,37.28519992796436,43.204735551808774
Country D,2015,0.9104558927568842,53.37894280146464,5946,446,7.545723172253394,69.80713247749485
Country A,2012,3.3507120614624073,52.79568133641146,9234,899,14.821028463327059,76.97905886108714
Country B,2021,1.838017318873867,63.82716665996681,2907,693,17.24782487497499,50.54849453099752
Country E,2018,1.055398786515859,62.823578503059395,4490,282,32.384903427447576,82.08110037713871
Country E,2014,2.1257028421350745,62.10196115452799,3535,385,39.738011705668995,41.517690276650214
Country B,2017,3.118837507629225,94.40647444553079,5173,451,13.423468016500358,82.1906431829153
Country D,2022,2.6966746592286834,62.2277637926258,2293,554,35.60075669479782,63.01645253213825
Country D,2010,2.9196834435843493,63.325536580302916,5769,949,34.071796615112696,50.87939699658222
Country C,2023,2.476350100132152,87.21051485848022,5796,1071,12.863008917461832,46.6889072496984
Country A,2014,2.5768296935535573,72.03725228007646,7871,895,18.97664030697279,87.66535837911863
Country D,2012,3.0475869546959578,88.05881729080389,3972,995,19.338550425238168,43.63327937905784
Country B,2021,1.2490040265775577,53.20294172065488,4922,1096,39.237723398429544,49.95467099679628
Country D,2010,1.9682748909294214,73.89098848999583,5997,1137,11.331216548261441,57.3911173716523
Country E,2013,1.1636283254588067,51.64706640898085,8032,409,32.97052898866737,71.01174244805603
Country A,2022,3.463004023989941,53.070006969312374,1992,1015,16.696744996058847,67.24005426380492
Country C,2014,3.33217801905984,94.41543521387614,9112,1007,30.580462102165615,46.2821746206157
Country A,2016,0.6182804341055177,56.823023184762164,6287,808,19.7003851503482,54.48639918691073
Country E,2010,2.6167255175470654,76.08861343148564,3240,646,25.2425917090789,51.9375885543012
Country E,2012,3.2757449522469972,70.14368452743462,2476,659,34.14141206641459,50.67714272451707
Country E,2011,1.0417260353820006,67.0198229866833,7426,1167,33.14579477443594,60.557216823999354
Country E,2018,2.2038356916578885,94.09183393867636,1389,671,35.32481142388951,75.20157262958284
Country B,2019,3.2464648927641253,51.06934644199899,1999,919,7.086606387063066,50.87264661086179
Country C,2015,0.6018379357573965,82.52569462260387,2855,569,29.221769356391068,58.33394398514907
Country E,2019,2.5922608017405198,97.20632727646398,9125,1099,9.8995581852617,59.54587134205811
Country E,2012,1.3920470221176524,77.44824098963025,9850,1133,19.553649880644386,88.82282647177051
Country D,2017,3.2731885861295913,95.9043006396215,3763,691,24.200594526914095,87.73331784395344
Country C,2023,3.4131747354961033,52.56063608501516,4663,1122,19.095881966139075,80.00687913760379
Country A,2017,3.3327994673403016,70.5208726346339,5986,336,23.18640865310526,52.08294604095926
Country C,2011,1.9226426499723912,62.74773175714051,2481,566,39.87842080795167,43.401865704583486
Country C,2015,3.0861279529679404,85.81022728405577,8256,1111,9.732605979949916,55.845206886031235
Country C,2016,3.033648195605211,98.08355743436509,4731,383,28.640961586774896,53.339727471691546
Country E,2011,1.457301419729767,62.569973059768145,8262,787,18.860033823496533,65.2962900073197
Country E,2020,2.986746422452032,82.05455547222965,1451,486,9.655342961756507,78.88639550338965
Country B,2019,0.6110229041464779,59.70678400522726,4093,671,10.555786718100833,82.91614694394289
Country A,2011,2.2888096354461593,77.70118247400889,1882,574,38.22455871859659,82.24320427052542
Country D,2019,1.1900265118631093,72.73269184772847,5408,853,35.78605238491167,57.98377806115339
Country C,2010,0.8617006573318364,97.62826115194531,5068,948,36.74646861452577,74.36171717303415
Country A,2017,0.7308596048876275,79.81783636212685,4277,736,39.70364715395853,55.641709876211
Country A,2010,2.5888663276344195,67.12581223225412,9566,710,12.291038650298129,43.04527716175914
Country B,2018,1.5196248913041983,55.590693459508735,8951,1001,17.44037680774216,75.07826328014711
Country D,2020,2.6743003145862843,57.411094608011794,5690,778,28.422666047370335,40.491377628489396
Country C,2015,0.6960690223968271,61.04052956761052,5595,449,21.933088895122655,60.45912937292443
Country D,2016,1.4458710134918311,62.2973664056746,5559,1119,19.643633668241673,56.46896346510378
Country B,2022,2.1184738771260117,91.68018683421576,8291,709,17.52339372674576,74.66887692594261
Country E,2019,2.8721694945168905,77.49991662584372,9160,829,25.782322118020826,78.31227363801895
Country A,2016,1.4562575087962097,75.64615465734396,1112,272,25.14577000240287,55.20473179856419
Country C,2019,2.3776741293110275,55.623674721591655,6131,481,10.651024192248403,80.58135072224268
Country E,2012,3.1579332447085613,92.14684497412232,4197,1115,21.510894313145368,54.69583802524669
Country B,2011,2.347589564546914,85.4179008572157,1139,1159,24.371512167344747,62.316317999328064
Country D,2018,1.1988784242609012,53.31574973310008,2424,559,24.960042855598665,76.3509263507067
Country A,2017,0.5732023446696141,84.68391976425866,3949,209,12.353751751932313,74.64601146123942
Country C,2022,3.1102966217027896,76.63337264978966,4168,410,30.979498728830038,89.36842361561
Country E,2021,0.5638082325511614,54.00454194159214,9708,1034,5.881968318737437,51.258051210796594
Country E,2019,3.124105018052598,72.45673143490417,7043,351,17.419114944010694,73.11589567697911
Country A,2016,2.086811402081636,73.7501180693723,7989,204,32.307442698747174,70.48409541378888
Country D,2018,3.3172030955386886,58.12295246800051,8236,394,24.73625223693908,85.7549227245015
Country B,2013,2.8963497073209963,96.33920920301384,7261,1153,14.140685137880109,47.818107082243756
Country D,2022,3.4938023316000124,91.64879320255244,1887,482,29.32335917700667,77.58990817934665
Country D,2013,1.5521354463551305,82.78209452912631,4104,663,24.85868304546257,68.41343081343842
Country D,2010,2.8015648667933806,72.65248248902975,1049,312,32.86852633097355,53.73329348939527
Country A,2017,1.7057927408277265,70.17651153764092,4951,470,30.725881516643817,63.72174570735871
Country A,2023,1.9396268609117264,81.89769989039675,4560,362,26.353777271268214,56.68882985348989
Country B,2023,2.3825163896551103,76.72616160093837,1018,659,22.08621863587849,68.96567013942304
Country D,2021,3.121031342559016,53.05138218821239,5821,304,9.66137439836332,84.4500305407333
Country A,2012,3.4522504075978855,75.11262978974625,7340,892,14.146655625988432,68.4652492206101
Country B,2016,2.8048202415935544,89.51377724440914,9058,755,19.668481552097987,71.58612091632921
Country B,2021,1.7533003465020012,72.50275400225095,3606,481,25.975475045223604,65.93739235573547
Country D,2011,1.7640710068312107,52.545872300159154,8846,886,22.97977493253567,42.55827532227379
Country C,2011,2.7127469047666746,88.52763176981762,9643,361,15.086458408583532,51.64292784380471
Country D,2016,1.216331437304907,59.86682532466274,7432,1182,5.22625252263987,64.60008647160413
Country C,2015,0.831422339394184,62.6724209095139,4765,550,22.368372766528488,55.51176418723524
Country B,2012,1.5638664729223297,58.0706113181825,3438,633,14.996909599678508,49.08817988805971
Country A,2018,1.361716974962245,66.18053817870339,7358,1051,30.711290524868726,65.20664209592192
Country E,2019,1.3889243613679703,87.08082377874311,9319,339,5.838119284466922,56.14048967239252
Country B,2023,1.2008232531497298,75.44990711569292,6941,670,25.46897339570268,52.90538215867073
Country A,2022,0.6262795689090856,60.039182433384916,8644,331,37.95159831271229,63.19927087201904
Country B,2015,0.5536218042002414,93.01367382945,5855,286,11.104324348902484,46.66421290410866
Country D,2019,3.4631671692080945,93.09951089262492,7547,887,21.50773217627084,86.38728665377036
Country C,2019,1.783319401207587,92.65834282725433,8196,382,8.199769713599835,83.38510489596194
Country B,2015,1.6529799414790451,61.70101435769543,6911,567,26.898866929147342,75.38102928702676
Country A,2010,2.5389418480792094,72.11072786486841,7481,328,24.268608820867897,45.31069137942281
Country D,2013,1.1547616635951925,98.26449315090288,3761,445,19.25779334744913,78.79386272348465
Country E,2019,3.349883551850676,87.82861133918954,5456,800,23.248195751580944,80.39786640545094
Country D,2015,2.859035043246656,51.33120364005243,7361,777,36.38011304641536,78.3882308857169
Country C,2015,0.7682330069367785,53.19502497176411,6693,869,11.870300580887346,45.698294355962055
Country D,2020,1.752742327354785,72.73263746380431,6788,1098,5.789757909687153,72.19539785338824
Country E,2021,3.137354922686494,94.55179008721645,1201,577,35.158270964468535,81.71623978746993
Country A,2014,3.334196066874231,76.396388099683,7160,348,25.199097883576727,68.86767006098339
Country B,2010,1.9022045337496092,74.39281289368023,1517,1184,36.17304594116449,72.32036876140445
Country C,2017,2.340234167632123,55.1682112978749,8737,1051,25.89308281946104,62.91817397131531
Country E,2014,1.0011018382762256,82.18222513149041,2988,632,33.35563814858959,66.43536599420263
Country C,2021,3.4735058784109296,90.28305486941105,4802,827,20.038567717430176,41.71884291758626
Country D,2021,1.1950151041503303,68.64058036787056,6808,925,31.24509759508941,71.94815109866423
Country C,2021,3.328195322405377,88.00498069534105,8162,668,36.956451341144955,44.07236064455796
Country E,2014,2.4489399469771054,97.25935604113977,7241,645,25.024303730277218,61.75072971701117
Country B,2016,2.3232103846365773,59.98455649725676,9399,680,11.327480269683285,54.632754883370396
Country B,2013,2.038065533049526,75.64315192854232,6633,1083,14.407916526056935,67.27139751058566
Country C,2015,1.1920094351532762,64.0697599461442,6755,493,11.952560191409201,46.67081677616035
Country A,2022,1.0295840960165248,88.84986653265813,7309,964,13.639995965850652,74.58217009866591
Country C,2013,1.161458627210526,78.30207492817672,5117,342,15.724540727286273,79.75057684642351
Country D,2023,1.0593147864327634,81.09453845996488,9345,449,24.429682536361597,48.167722487157825
Country B,2012,2.83875342070026,89.09779382117881,2518,1077,25.579707031234147,45.215654367594105
Country B,2016,1.5503757775001903,69.40255316046029,7163,1147,19.92749115346514,47.275774139367954
Country B,2017,0.6735280296901891,94.83941335194513,3600,1174,26.53972729372924,83.85637809492508
Country A,2013,3.407307890422434,76.11841449506086,3195,501,7.855122396397807,66.40946308781781
Country A,2022,3.151357654890277,57.739786318932055,4554,224,8.0725882970356,63.36304980037513
Country E,2011,3.283256849585639,84.09905679027132,3849,988,11.014031112518046,45.335590955117716
Country C,2021,3.4847234679393058,88.86980617147447,2742,1183,23.132712431412067,72.4778003378481
Country C,2019,1.021685747658462,65.52132217630881,2306,1088,12.489813754440975,83.3999795947545
Country D,2023,1.6887260567079763,92.00178359293889,4849,1089,14.914954122240207,81.40929346617264
Country B,2012,2.774715427112274,94.40101948352256,8519,1100,19.010949266054794,71.30273544904006
Country A,2010,2.588061854161377,63.568319881512636,5195,269,33.415314340363295,43.763935832583684
Country D,2017,0.9616877190195652,98.19255216304589,6178,824,5.485174756950104,45.619851358800645
Country D,2012,2.947499374971853,56.894864874389164,3555,1074,27.728258708281786,42.46544935549123
Country A,2021,1.173321715509982,59.898767751722005,3305,311,28.410678586423987,52.87396082462347
Country C,2019,1.1714528444678693,59.02701712266328,8619,563,32.95295231248228,46.78307335801889
Country B,2016,2.110923268680241,93.80549579038565,3642,502,37.64635286711096,53.002402012621694
Country C,2019,2.2788198045251096,82.06033506392313,7409,670,5.704824713225144,59.25290278594808
Country D,2014,2.2402586235134336,57.45310987789137,5757,1163,10.382429692962567,87.14913920355679
Country B,2019,0.7744605121932646,71.5758475000491,3994,290,36.015995291959754,70.5188029890846
Country E,2014,3.132382587891141,80.1496032284203,9751,729,21.04814967654554,81.74868928414811
Country D,2023,1.2968001277661183,54.08974016447978,2271,860,24.760672362671222,75.5175750356166
Country C,2016,0.8885447638484125,93.2384020519596,2813,1187,28.20595213031016,45.62515652633159
Country C,2018,3.1662442396069315,89.37657323663522,9801,938,28.767331157347307,76.79602031869744
Country C,2021,3.36695449468926,74.75513190525527,3461,925,37.61091411607779,53.754944077956225
Country A,2014,3.086382851796352,97.38920414769936,5120,1071,39.893229609408436,71.95539234973532
Country D,2010,2.928548224174634,70.47028798447988,7124,862,30.20551113258291,57.04809868214943
Country B,2019,2.465725941917065,98.22140563278839,9475,391,15.05274232218028,89.88361316323295
Country C,2019,2.1525721118274177,82.72807994137773,5396,1162,35.79133408030202,53.17757397483889
Country C,2010,0.7609602797342304,81.09889238944314,1816,751,6.7227320089266565,53.95652353871348
Country A,2011,1.7253596392120962,58.13178986949347,8304,441,13.087829850607367,86.53361277811992
Country B,2023,1.618065551036942,93.21446015692756,8331,337,36.40850011123002,41.232220231816136
Country D,2015,1.2792613512809785,70.94699470811014,1082,544,13.966703005377424,74.83444939365984
Country E,2018,2.670260341065755,57.94943688334149,2920,379,12.722787086761198,76.2663195367939
Country A,2017,1.9876272052363124,50.617768478812195,8817,911,9.834385259908654,81.81892887051997
Country D,2022,0.7431386477229438,77.42802849828075,3093,702,35.06891151764208,88.72196553192376
Country E,2014,1.160549605849434,75.84258148401113,8071,402,22.502039071688035,88.78009595783263
Country C,2010,2.5497762909787878,85.24832749608876,8967,772,28.62126210689542,43.263837878323194
Country C,2022,0.7283925784709006,93.6226445978723,9367,391,13.367323442626038,81.09196613764513
Country B,2016,3.053620742146306,53.89092264750845,6285,204,31.531414735392577,72.31549668286907
Country E,2014,1.985439581041923,85.84332802667775,5937,1089,31.600194073673446,72.36710671865455
Country C,2015,1.941759731979944,59.18318526078153,1369,436,15.940930871790504,46.41749633073474
Country C,2022,2.277223353978553,92.05067560470104,2818,892,19.3738921553599,72.50935832228267
Country B,2016,2.9740428977754476,90.13411217922115,3101,510,12.339159710057029,89.12412903006239
Country D,2012,1.5434276237065792,76.49889399429168,4490,748,39.17963581630165,85.59092847697235
Country C,2021,2.5340484576771907,84.80189713254227,2779,255,27.596090197044408,61.956533040242526
Country A,2019,2.197195891987373,65.40315554600367,8674,642,37.709035825043046,41.99739866430472
Country A,2012,1.301084810508264,73.08722704770791,2364,436,15.618494027019661,58.11467450001024
Country D,2014,3.135889959065474,90.26020798781312,8294,1069,32.36618195489114,81.31951558002777
Country E,2015,2.8922780648207844,72.50399466148748,4676,1060,31.80505253596597,75.07495507325831
Country B,2018,2.4753555039752766,67.53211500094665,3426,396,29.207947815328954,62.96718277969782
Country A,2022,3.0517451872827257,74.21640991526469,9264,784,38.79736413433802,42.75507675794155
Country A,2023,3.101882602879407,90.58421336942371,9089,770,18.77443676372104,61.34473639116513
Country D,2021,2.6250889301451044,66.42519432117277,3962,951,9.575106325641507,63.45124698589417
Country E,2014,3.011039985091016,58.514318063651444,1859,713,28.509810073542127,86.4277766447068
Country E,2010,2.592414385007851,84.88868699620826,5138,648,30.525843016702215,72.05430517910797
Country D,2023,2.5404223152809013,90.472932422696,3424,559,25.127120071058513,55.582645832732446
Country A,2023,2.355834134645553,54.931236447653134,5017,899,12.23862625966887,66.26591322253607
Country B,2023,2.758149918672924,61.75383152504129,9560,1018,22.65595795842744,43.302765391108004
Country A,2013,0.9758153158792211,56.956627498288704,9342,229,15.926640779919529,88.62841178248684
Country E,2014,3.1426122775967853,67.04912916752616,2134,978,19.961328485834116,58.002995096536296
Country A,2021,3.115530583235696,72.06719796636523,6166,1187,27.582650154563236,63.89336774565679
Country B,2019,0.5877418491036774,86.69249051120201,6119,307,31.082515994179207,57.764198711846134
Country C,2019,2.977450251694288,81.90623165920204,6694,1043,13.12786418154701,74.12558650581
Country A,2014,0.8866096024203356,80.42549980644313,7136,1134,19.186387622643366,73.11160791647964
Country D,2016,1.5053565627774257,67.26637238387306,6485,801,14.42065498470702,75.76611552645679
Country C,2013,2.7305247688748233,91.23093010115323,5164,916,11.95210648516542,53.407161480596045
Country D,2010,0.9822796881449246,73.09307120251006,3346,1090,32.418552699854345,55.783424058203295
Country D,2023,2.9539010723571866,97.97614196274257,6039,1167,36.823844305294735,46.2625615548104
Country D,2023,2.996402533873226,81.0729647764911,5897,1158,17.958126498960183,72.77549859230564
Country A,2014,2.0224032012825086,56.18697233666063,9252,1159,31.29476235308184,41.989856366782625
Country E,2016,0.5191576151505007,83.13270054169627,6041,644,36.39483512775439,69.88411677617296
Country C,2019,1.3611143995247383,65.93009675615325,4901,1092,34.6143473685581,83.4847942425817
Country B,2019,2.350780755127227,83.63003263761877,2337,637,11.398468598872906,84.54160741448167
Country E,2015,3.4435585340822703,53.41241625995788,2184,931,38.47021585296765,62.45188801849808
Country A,2014,2.3954405810500052,58.56919042162201,5426,1089,18.183675415031185,62.96518441065369
Country D,2013,1.2794107431924795,91.93112568638352,2551,805,16.873423141084274,43.84845915040087
Country B,2011,2.402017109298834,61.13179829415223,2629,656,7.185096454722312,73.5382512721518
Country C,2013,2.1199561391475665,91.01501513690405,2526,814,22.016077893670904,81.06297101864227
Country E,2019,2.8395361854534307,63.68452833426611,2361,934,8.815476547432505,52.23275273023565
Country E,2019,0.8209419164808752,81.50121359287667,5370,897,13.69889373245991,61.06504408166823
Country B,2012,2.783083707506084,84.01337810198171,6283,1180,16.092991761854847,81.94196683826351
Country A,2019,2.1237997360283307,75.12008290410759,8610,895,33.308921322208946,83.8560233831144
Country C,2010,3.388976011576984,64.96022315813983,2993,694,35.64210276385638,52.1589990132113
Country B,2017,1.5256164981160583,60.41957444218371,1869,873,15.586321111151438,67.52853172706821
Country D,2014,2.3978656794018445,51.62627837355888,2014,446,35.05443424356009,49.62465753179136
Country C,2022,3.2960843165300524,64.89337366079546,1602,742,35.00308280794269,45.093938206977825
Country E,2013,0.8075291839720378,82.00497673603286,1690,763,31.762783263470574,85.55602506959788
Country B,2017,3.311685461709353,95.97693610397565,9685,1056,10.134328990531355,81.02537521160545
Country E,2016,2.56365716690244,92.68901963088955,1489,787,29.161299641525513,78.00174509015869
Country E,2011,0.7035111773155157,87.53717405022982,7864,1096,38.07584226031991,42.43831594065702
Country E,2010,1.4028907008404488,88.63391981941163,8240,638,28.8889167568505,82.18643963551287
Country A,2021,2.6245162659358447,82.58426027032377,8786,477,16.606589718774188,61.90220379526919
Country E,2020,0.7020518044063151,62.75405602073415,9024,751,22.520276110079095,57.11975616479298
Country D,2013,2.24651138052882,94.45255650458566,1294,812,27.600376517286875,67.32381805126883
Country D,2017,1.5376491708588702,82.86588328338587,6488,310,22.869964305497625,44.56766213617779
Country C,2021,2.3627465533024314,77.46159091804157,5027,584,9.198352960583943,77.83232746761993
Country E,2011,0.6372261014375386,55.43848399146057,3912,1032,15.922241562820723,69.1217538444148
Country E,2012,3.114610418457129,71.90572164651485,5744,960,33.083861069377136,49.32950484365838
Country B,2021,3.420466907532191,72.55755528889439,2873,390,35.14963161334311,49.411609988452284
Country A,2010,3.4066335658570743,92.36361686661083,4258,689,9.805501145044957,49.21243257863371
Country C,2010,2.748955495228774,76.78576278920164,3817,893,38.33353633395536,42.8501193775967
Country E,2022,0.8902587203918959,68.63962689955008,9636,625,16.508791624701328,69.38992246858425
Country B,2012,2.7747895877870676,97.8632160970223,4641,604,28.1809808555752,82.0174088794254
Country A,2020,0.5737607493764045,55.42530907298947,5458,534,31.31388010848384,40.87491069936943
Country C,2014,0.5663706545869918,70.70487298728528,6307,408,33.41811821232592,42.45023224856368
Country C,2021,1.4708306574486238,52.05920908339886,9933,221,38.101239577907556,68.6385138343473
Country E,2012,1.9659295712139973,86.25530191757959,3041,877,15.952184181008791,80.97478426930262
Country C,2010,2.8112222534233795,94.98575105775838,1679,810,35.047725909304404,56.33694452843168
Country B,2010,2.5498861298195155,63.721829147973985,6738,407,9.609041620267245,57.48071994038611
Country C,2017,1.837708119130245,92.05874216315692,6668,207,29.676431722375746,69.81732487483879
Country D,2019,1.3208799988449975,64.31869329263299,8697,901,30.969220532989507,53.71064445620735
Country B,2020,3.4913735004731334,94.62773792055185,9033,886,28.720313442046216,41.33041830388421
Country A,2021,1.778543906707919,86.94413327624241,1062,984,13.831015764730354,76.7614259050798
Country A,2022,1.8541610729890263,89.4404320652305,8829,728,35.556510145532116,71.28249564707265
Country E,2022,0.9908714635750075,50.88232122442227,8352,801,10.910046217963824,69.03779995278296
Country E,2021,2.884428646249788,97.17770749662728,7915,852,6.877217703229079,77.08420644959116
Country D,2023,2.581046677344466,85.60687861144584,9326,856,30.111274671416925,73.76154187810187
Country A,2011,1.1623088383662812,64.93280367392053,4644,365,21.64165003314568,50.294099408916054
Country A,2022,0.7471431368475281,90.6403385780835,5970,1048,34.71843069855366,57.624052347167556
Country A,2012,2.5414979062241394,63.794538722331566,9003,695,18.418899937039065,46.305507083931246
Country A,2011,2.4635336428434056,92.76493813874026,4278,789,10.889750597769948,46.49285067089405
Country C,2012,1.3197785809946279,55.516439130184914,8296,628,34.27547673644544,73.80978731782696
Country B,2016,3.352590686751231,84.48061289557899,4074,973,24.21183710740251,82.93000534912491
Country B,2010,0.9531736753427007,76.4942253556006,9312,362,11.621852733662422,88.13662919305696
Country D,2019,1.7970044031278056,54.7301890395766,8552,565,30.2134399505256,71.41735587747222
Country C,2017,3.3308477605027966,61.85279758468311,2637,725,22.888977347132517,49.20506616804785
Country A,2022,1.759181950778367,50.607797777588424,6103,438,26.150954378411193,45.28251727244653
Country A,2019,2.4155778429922568,72.96963030776078,1644,271,21.131441837230366,80.6425485768379
Country E,2019,1.6927831938883828,64.76199777724003,3032,644,34.00481443363022,68.93782381799997
Country E,2019,1.32264560704601,79.31951673059018,3761,854,34.03469504890674,70.91425105068599
Country D,2023,3.4519329438794846,64.56465257772224,3068,1021,29.828608763853516,79.07310443773545
Country A,2011,1.728002018945129,64.69603646384225,1241,708,8.68904820887618,75.16386138662259
Country D,2012,3.182297611037403,86.41646673784857,3668,994,34.359885166642414,81.72291264280483
Country C,2018,1.1898638176732586,52.35899896293932,1802,468,28.485454318651843,42.810695272993925
Country B,2016,1.13931411207525,94.24185476440738,6059,952,29.395845810150483,77.37603183732524
Country A,2013,0.5934022486535341,91.7609298451679,1195,614,17.70439941413551,82.54263786610477
Country C,2019,2.455000476127655,82.72242947809391,3187,444,35.77478446549523,54.30675212291572
Country A,2014,1.6055790311712834,79.06785693526183,3330,874,30.38800600822001,72.02236369966263
Country E,2011,3.093074749518911,93.72282240884296,5841,259,8.940666328521807,55.70810319184861
Country D,2022,1.9196297200746715,59.08117879690701,4606,205,19.272231204215693,87.8985533241227
Country E,2020,3.404580283744165,53.869488947350604,9468,908,36.02331266860496,41.67117862177519
Country B,2022,1.0565765471093633,61.735998325567365,1060,1181,6.6518845594082645,68.98964219164776
Country E,2017,3.1058695038668325,88.93433565630932,4927,769,38.64958168747173,48.325177352475755
Country A,2013,2.829790558375225,51.698843069597686,7296,1016,28.7706898911847,75.61101025885793
Country E,2018,2.812765533932156,78.55753491909098,3591,606,27.09815921751818,48.794514170933105
Country A,2014,3.034349684350663,98.77643829337418,9758,416,14.4695739770797,51.76916309491788
Country B,2022,2.7830719728289965,91.92910859803943,7121,1129,13.707712605871198,64.7185405522879
Country E,2018,2.3786609648942463,75.55083876313589,2200,225,37.97203768210084,85.74174749984391
Country D,2013,0.8937346330471627,53.11840455504547,3854,1014,15.439535898194295,50.58571860739854
Country D,2019,0.5975785384737557,90.73730220489978,8024,204,32.14268538516498,47.212001055905176
Country D,2014,3.2625435434470607,79.34994690068332,7972,1185,18.75926293724777,77.94884159270154
Country E,2018,2.349950943562214,55.631716855918775,1136,731,9.87389247746464,65.03097661669655
Country E,2017,2.889611872928529,54.599006956344454,2029,589,5.375035419337563,85.58925561908856
Country E,2012,1.94456705453765,94.57171415239303,3594,909,24.049006795533778,47.330727857992116
Country A,2010,0.8519245668871834,82.79081288396584,8206,770,39.15225864921264,72.29639465115196
Country B,2012,0.8755573766076513,90.63505316652102,1661,647,17.919766783322157,51.64395730759075
Country D,2013,2.556695861686914,93.0699661138311,3472,953,17.501731689756568,47.83802143258197
Country A,2011,1.790917684698388,78.0168452503678,1086,345,17.043206624730473,74.17147075786352
Country D,2010,1.1015741801010102,75.35487123599702,7219,587,23.219034305670046,69.68423099543666
Country A,2016,1.9747836402243106,71.09094310572851,9143,984,20.423270919850275,77.74137291811655
Country E,2017,0.6926268112254023,65.53038280176484,7968,448,35.79701193544551,55.47312882230912
Country D,2016,2.2459142057431962,71.29520208207688,3773,725,22.69322771032216,62.39858281910949
Country E,2023,1.306980213305293,87.92010313077766,2700,661,22.771524336599906,60.273583816520926
Country D,2014,2.8926773019115646,79.49424811974144,3700,212,9.843005815219481,89.2044731983257
Country C,2021,1.4310858767707213,93.73364120778746,7815,1102,39.39588393186351,54.612447836969395
Country A,2010,1.8656604472454035,71.7256207045802,2647,583,13.749051180409039,54.74086191733834
Country C,2016,0.5348616197243019,79.74738935721895,7038,755,7.567742361086093,57.727410441430365
Country A,2022,0.7173406633836766,80.93407010150744,6164,1086,28.210118714132307,68.22970406451607
Country B,2016,1.6774806692200546,78.99316095300995,6520,598,25.837822955490545,52.61613721318726
Country D,2018,1.9398165041513704,84.4290548811903,4687,218,19.530097889746102,85.7644970189637
Country B,2012,2.3000616443579114,61.63423995036551,1596,774,19.776728185823732,53.284278243313175
Country B,2018,1.3749877361279097,75.10582509974374,5545,690,32.47723723662509,84.79078657800974
Country A,2023,2.5849456583796275,55.107015337609035,9676,950,11.849942403487717,45.173753182329236
Country C,2010,3.0803671915676136,68.84105505459581,9837,618,33.708866163071136,72.82813511998262
Country E,2010,2.839552966680049,73.89568636244195,5757,536,27.706148986325637,85.34927592191218
Country A,2023,0.6188564760450714,81.95898871772815,5384,618,19.663942082283356,48.437471919911474
Country E,2013,1.9415208417734868,96.57602157672397,9912,1114,21.0310015804354,88.41634800496274
Country B,2018,0.8147905352545246,79.43190226086944,5733,1115,13.982652251513352,62.64416802077558
Country E,2015,1.2261350475875825,86.43610189265144,8081,811,31.32400164439412,87.28575542205122
Country C,2022,3.4599877798014393,74.80703691526493,9690,874,22.950615980684372,73.84100218150235
Country A,2020,0.9274866287045397,81.07109753744024,8117,1127,16.229908996244525,55.07934349367758
Country C,2012,1.9966644603540682,53.4756785905549,5729,321,25.86175405163326,49.41512624585532
Country C,2010,2.3544672029543574,62.4651874612505,2673,631,39.8507058217963,55.18675231125497
Country A,2013,2.607394911632312,67.7308015670518,9306,243,20.234179787979386,44.65087046313375
Country C,2021,2.178946050460742,73.15217439531916,8178,1071,37.224199027251686,47.19339831716649
Country D,2022,0.529312542257551,52.2367885296168,3294,1119,17.075589397359813,45.23302201732406
Country D,2018,1.4793839247319758,56.86118078011257,4630,516,6.915644742374506,61.14717718707789
Country D,2012,2.053134930154134,63.563901081773984,1146,580,12.14847372289501,79.77891881287931
Country E,2021,0.7635994974345001,97.60510185415148,4453,344,19.654330016468947,47.06917771081701
Country C,2018,1.5518807936275423,66.23600334804948,5507,526,12.687222500809916,46.51602165861679
Country A,2016,0.5996093263740997,73.62001184749204,6783,562,5.007946337638944,72.17144747586653
Country A,2021,0.7357354914650622,59.60878792418126,8751,249,37.02505382116345,49.859149098403314
Country E,2023,1.6907698286047883,79.92822348271264,6628,264,34.53577939308252,44.88050190544958
Country A,2013,0.8981472621291811,63.75347756028274,9328,554,30.98022810204315,48.34242891027888
Country D,2012,2.2026225447846746,60.14263634348291,4360,999,10.873510847611001,86.1865697938388
Country C,2019,2.5683949074117973,75.31205879385297,4005,363,9.212725167349511,81.07356263880953
Country A,2014,2.901760097327249,50.26978415886062,4552,340,7.366166231533411,57.703228117754705
Country A,2014,1.1004507327344304,50.37553759981204,1018,1165,30.34102160705224,72.79103836636963
Country B,2012,1.0024477467772093,60.73437164599103,3242,1025,37.508278624075984,66.8637836834019
Country B,2021,0.8137035210032008,51.79934676254024,7318,327,20.068753731956296,73.8562131741282
Country B,2018,2.40929074863091,55.29326195240388,6097,597,9.169923519861687,74.13355762313796
Country C,2013,2.6194271794607036,66.60417181759883,9640,1132,22.93374872562373,71.43670075299966
Country D,2020,0.5947584344769261,89.32669829941082,2948,1079,17.209116761052055,53.30506842686543
Country D,2014,3.3086367387310696,78.03038352509574,6618,662,18.11887235224992,41.950321038140906
Country D,2013,0.6559138509544172,75.1207185718644,5236,950,26.746571845449754,62.778339099505445
Country C,2014,2.1238890059032114,64.38095233719795,7901,1035,30.155133964177082,84.54869423453519
Country C,2016,2.627181558352749,95.655932252208,2920,1007,8.87112596056063,68.47486292592879
Country B,2018,3.112907371238257,69.45373702062238,5188,386,6.245658078226674,81.61955208509539
Country A,2016,2.6422607963972835,54.2675455729928,1238,919,39.80156059400002,89.5812171480614
Country E,2022,2.9051842492093756,80.23625928977226,1204,931,13.145492212044314,48.18081020691381
Country E,2014,1.5183505776284183,55.57808128035347,6552,1111,6.884068371796068,74.58888195709912
Country A,2019,2.944475341239537,66.9159339972829,5927,389,11.6456365183572,73.71467868500123
Country B,2019,0.7403445391540254,74.86318499717264,5390,587,6.363524622196248,88.99777236791392
Country A,2016,3.1844499681815828,92.83690370957362,3687,628,18.713381311601008,89.28003669764001
Country A,2023,2.1427771284612085,74.18378243666581,5951,1057,33.08406245579635,74.33393058620646
Country E,2019,2.951893309887481,84.41067953555155,7160,483,16.94355574152022,52.180739599109714
Country B,2014,1.8569548535549005,98.64802511095445,6388,1063,20.54641924074283,79.92779190652996
Country C,2012,2.430733085589575,56.4429668750011,6126,436,28.645537074860357,45.35145671055191
Country E,2016,2.07920798280834,63.46184475045646,1816,393,22.811292452445805,79.03496520858144
Country C,2022,2.6947685652659956,69.33422770428467,1192,486,35.15059901074635,85.50980620723482
Country B,2020,0.7448899460917687,70.66958074840274,2776,970,35.31124862660148,59.14166973842176
Country A,2020,0.6810562519716914,70.14003268801174,4645,957,5.346874342190377,71.53176474915402
Country D,2011,1.2413097020304393,94.47293912527118,7314,335,32.23162072691197,61.507136604841314
Country D,2021,0.978634040339565,84.98759957887597,9442,991,21.125676008458587,61.88825274940642
Country B,2018,3.115350699776605,79.78735549044448,2788,982,39.60941894562821,55.518544455406
Country D,2019,1.157641962074133,65.15926317527632,8374,370,21.91312265564023,78.10648102251622
Country C,2019,3.427595767457394,90.36572882684344,4700,358,39.541358088590414,86.80882820832525
Country D,2021,1.5106873753133205,96.79796506276446,4893,400,31.40992764220078,87.03754296172306
Country B,2010,1.0463537470660977,90.23871584496109,7811,686,13.70117096146572,48.73906424374669
Country B,2022,2.8690955214274374,50.07669015438217,3679,756,23.84382427504352,83.7371824828283
Country C,2015,2.4761233265026283,81.18366713898695,4904,1161,39.7247473817504,76.8715720713561
Country D,2016,1.994587149359417,52.50563369066293,8260,975,35.01357127131733,52.64187003451446
Country D,2023,2.1660906528128936,62.62275379635237,1504,782,8.407841282692738,43.364230646075725
Country A,2022,2.6576053348167914,52.91671031704081,7773,703,29.723019888349864,53.3998633442189
Country E,2017,1.1853642239938962,79.58597719452,4816,1075,17.095285505478458,85.61041183907628
Country B,2019,3.489001748170226,83.64290576113774,1717,570,5.244379165812184,71.65893374478861
Country A,2018,3.4243794864403494,55.60989426522935,5434,302,19.121833915944986,76.05273304489359
Country B,2011,2.4509770590408104,68.80810526920399,1658,324,13.216404760373996,52.857617555454794
Country A,2020,1.0986273527874353,72.35558893882155,6057,512,33.660424468216505,75.96940777874102
Country E,2019,2.5406847272938737,68.0835980662849,5008,1175,16.806571309601793,41.40607531389619
Country A,2011,0.7165952269375275,55.93022502377446,5994,1194,33.9633292883836,58.76606728865069
Country B,2014,0.5919575066174182,70.52844171918629,5234,997,5.020927859217836,71.33766742711656
Country D,2022,1.273048665533641,86.80772434261249,4764,657,15.77367025091417,47.30482827706601
Country B,2014,1.887868870217949,53.47937556212952,5637,429,13.440782500771668,81.15017872234674
Country C,2015,3.1048175162251415,53.92882069001327,3104,857,13.174857637401384,51.751564940595934
Country C,2012,2.681507209298924,67.38379329996323,7801,1081,7.386531691791195,72.61405564092232
Country C,2017,2.728119563599943,96.14455986932732,9575,396,11.54934946436756,60.259857128766484
Country C,2022,1.776480003344226,82.76005968942279,3607,1084,24.444234945996694,69.80217977388236
Country E,2010,1.5378049776408886,83.25482787695567,9385,932,15.197637549321056,45.37252763144541
Country D,2015,1.6131162889538082,67.73407955105539,4719,622,19.60881738152018,40.845639996080365
Country D,2013,3.4629486912081733,79.08937876921838,3581,771,18.190340812151597,85.47822136901506
Country B,2010,0.6203275742374474,50.49642801735943,3565,809,35.65667237499631,53.48150043835914
Country A,2016,3.1010944883673455,81.16870627406757,3763,370,36.68546496536804,80.98385013902296
Country B,2018,2.2360262257171803,94.7510604312356,7328,581,22.2534940079551,89.96751502361002
Country B,2022,1.8158462575687713,80.01609994889614,6991,372,16.555458261046155,50.57156289994556
Country B,2013,2.6757729812454096,92.8112310798509,4406,862,8.738024640082728,53.25853705916778
Country B,2013,1.9600068242741084,85.4746797178386,9923,652,38.36910077837332,73.14298938173329
Country D,2015,3.120269714244982,55.90736240378082,5780,549,7.107943071510411,88.27243173003106
Country A,2021,3.2021055920337753,94.22021205700625,5177,1101,15.417759714889815,85.7907174095372
Country B,2012,1.7651627806203662,53.25574837343297,7476,1151,15.432317040950146,65.14377600327924
Country D,2022,1.3304833917051546,76.16440615484042,3604,833,16.21404501490752,79.75551412633624
Country B,2021,2.277050985780087,56.96471906587942,9181,693,10.750039514534325,46.787292654995056
Country C,2015,3.237090036850073,50.573623925814296,3382,819,32.4106500823294,88.87190921020061
Country B,2016,1.1319865670169997,70.67967874625431,1531,203,9.287425168809623,88.21766170179933
Country B,2020,2.3688997506904483,64.45699467505365,7079,292,27.2217330703607,48.186447893958544
Country E,2019,2.3946806602775617,73.81402419608256,1634,1118,9.334610934703612,54.97115624015533
Country C,2019,2.699339067245843,78.28279444999299,1002,205,7.468747315753479,45.00774987533835
Country A,2012,0.8947030553817794,52.14321454313842,9397,487,36.83003262900568,53.58587994490898
Country B,2016,2.647474894046266,56.027161461063535,6951,817,11.654506821154698,80.79778947076034
Country A,2023,3.227097561996923,77.37347742607085,6626,345,33.74375540958965,58.91578035826298
Country C,2012,1.039049326610726,66.81520030546025,8739,982,24.062080488749753,44.41984835733792
Country B,2022,1.212629974771633,85.72950088992295,7003,623,7.724978186306936,57.11127623894522
Country E,2022,3.414185282124919,81.96229078100504,3890,1089,38.440686700332364,89.069166712064
Country D,2011,1.0429308581284693,91.43461378650544,7239,807,13.643640844716238,71.48417976296014
Country E,2021,3.063155280108737,83.93214850679203,9026,656,35.08758708734123,60.80804732030789
Country E,2023,1.9768335693441044,71.06662279211726,4306,940,10.908350202459747,48.3269256748635
Country D,2019,1.241693223209531,82.97536449732718,1897,401,34.88800087496485,89.30883986418473
Country D,2013,3.1122497038175343,63.493677538515506,1670,411,5.4630084516852895,81.04245046315643
Country D,2021,1.8359157650079965,65.00936144013242,8291,205,22.912315979931822,54.07386512254597
Country B,2017,2.0444520617890705,88.66027283611888,2505,823,31.930490279754487,43.50343478605947
Country A,2022,1.5777001081992972,71.87455630367752,7460,575,37.717843112247415,42.831277868877905
Country A,2018,2.278852554304782,89.12063668539926,6167,1090,36.82207476722705,46.01890747527669
Country D,2016,0.9905716177550683,90.29869630974565,6255,646,33.686870434167574,69.03842918072108
Country E,2010,1.6732446099552822,92.0205545454029,1249,1034,36.086697238145646,86.43817106027461
Country C,2012,3.4082369670058625,94.91512655621915,7457,305,11.972689004297678,64.83717140029923
Country D,2022,1.2744002981033826,71.11827580515151,2892,850,14.946450349910506,82.14727412280986
Country E,2021,2.4702099936238766,65.6244740977358,4439,1010,15.113898372237047,62.294330992990396
Country E,2023,1.4755701926740845,78.52773858311159,3854,600,18.196887585059457,75.42917728839126
Country B,2018,2.820419377059802,68.18744874844376,4792,295,18.766223463481605,76.59363686432505
Country B,2021,0.8926209821550495,79.45263417321141,6330,587,24.059436362913644,48.69818529516694
Country A,2010,3.409463135235634,84.57370726954741,8871,1158,10.595791717825449,58.06080294879059
Country A,2018,1.8613686241509177,83.7318459061147,9235,651,29.193633232509626,71.8651078269012
Country C,2017,1.2081513900393919,68.35309146398595,4612,1048,10.864828875657727,43.53483040921831
Country C,2010,0.720490241990038,58.17614988323889,3618,1008,15.860796873659163,58.07700938814783
Country C,2015,1.0092737152626223,71.09593758464817,5678,1178,22.617079571215392,66.73997331405963
Country C,2014,2.059321845668053,56.98711306001353,4163,1100,32.87541965332171,89.81122465223194
Country E,2015,1.511009529293859,93.61475472400662,3942,615,30.881423163355453,63.726678131122036
Country E,2019,2.9866500976478285,66.94799557615501,9411,925,27.59370247436828,80.80283785571618
Country A,2021,1.7926625709854178,57.56852761394286,2925,703,10.452064120305955,61.60336425333089
Country B,2022,1.2461428177628897,51.24694023538179,3972,653,24.14658709654522,79.81953613098545
Country B,2022,2.35143495981209,81.64529692803772,1990,490,8.06062756299599,69.77074008100541
Country D,2022,2.6203316506563374,81.20821355528241,2812,733,18.20771118788278,84.32977207511992
Country E,2014,1.0011257237028497,66.68960416248329,9995,392,19.473078560148572,60.547127617505495
Country C,2015,1.002857648864953,53.5138825535349,1489,1179,6.393400380601384,70.21522099107395
Country C,2014,0.6100142808006289,70.07181584986637,6876,349,14.589583481449013,71.50093403094137
Country D,2020,2.7092060451969218,65.24965725810628,4645,1079,38.447731354327125,60.86914709002367
Country B,2021,2.491413582865415,83.17891134701546,8081,958,38.37714127403913,47.21560218437408
Country C,2014,1.9238926272494417,79.68318322318183,3891,978,17.331446898838877,44.67797034561678
Country B,2013,3.0325113469075915,67.86509268167946,4516,1172,6.508503813191342,40.83357752998165
Country D,2012,2.9170104588501595,60.676735158494516,4340,962,11.268322876486355,83.67671321226072
Country B,2012,2.2560630931902566,98.413762341624,7410,714,18.727622770173905,51.823745611934726
Country B,2013,3.1048138415397757,72.24607943860963,1053,592,38.172289428923044,50.575337464088406
Country B,2018,1.1175236301103046,83.72543755323161,3575,515,9.941967223801473,76.80177002130327
Country C,2011,0.8357588581931836,56.88709541133968,1615,275,31.72305452838743,56.000805654369586
Country A,2018,1.309248834550969,73.79389528331049,6944,798,8.803888878114222,65.30223462059183
Country E,2010,0.6712605682679446,51.34929927360381,8404,469,39.34401520869469,48.12555326487281
Country B,2023,2.093508584003096,74.76730077761205,1954,424,18.356577468819722,87.98728607309846
Country B,2010,3.3098170768848845,97.23685294876742,2629,729,32.13320886146696,82.57907000086186
Country B,2014,0.6180306220055289,68.82612893630422,7859,312,16.990687898389613,83.18948114825017
Country A,2015,0.8663297420300804,51.910804616170665,9841,450,26.968410700558305,60.33868742860026
Country D,2015,1.8565970848503057,51.516833755047834,4278,432,11.720562965901285,78.11806068535864
Country C,2012,3.3016250525837147,69.01135123739661,6455,1040,10.110735675393688,47.193807769489005
Country A,2016,1.4484683149302515,57.84122188669651,4801,990,37.832244884884595,40.430950129589014
Country B,2018,2.0217044260651775,51.14425272008111,3561,913,37.11765472665517,40.998646628901405
Country A,2020,0.6247185771511763,87.05446708355866,7539,282,36.06141290745089,69.33008687022803
Country A,2021,0.9450296028862666,72.46762743521265,1370,324,26.89017075583077,62.76974526239704
Country A,2019,3.4598903688765406,64.17299382666008,1857,374,33.289387392569736,65.90076744542598
Country D,2017,3.3953560893081365,94.10407596780755,5886,268,7.4162927918981225,40.37315702086097
Country E,2015,0.5148199428032288,55.69080904982575,8485,246,16.71761646617377,61.13433098287129
Country C,2021,3.355435356269717,96.84002261881065,1383,1083,15.979609366500467,75.90340806004303
Country D,2017,2.417359813446501,65.38436915149029,5334,455,27.247586268341465,62.13468509837179
Country D,2021,3.1037548835600663,93.53177994312537,5290,926,17.458522071472416,76.61096031561112
Country E,2014,1.8642195669015773,79.54420094749361,3725,229,10.197737357528828,51.65094821984174
Country D,2017,2.0467880857377505,90.50866062733289,7204,480,25.87634763947403,80.65710022408626
Country A,2019,1.9665397407707605,98.21664499731276,7111,1123,33.50343722341785,69.42156202267262
Country A,2021,2.500592772638313,64.13186645311853,5251,1193,18.37432230609906,50.53815497149531
Country B,2013,0.9189537642689387,97.09563878497205,1922,436,9.62940502844686,51.83602379269165
Country D,2019,0.5899207696180339,69.0846128502186,3915,447,11.884086905948806,71.40152322847685
Country B,2017,1.4237898247735727,68.89008333210919,8957,567,13.31191568092844,81.49697966062217
Country C,2019,2.61404228820994,66.67896810847078,4046,694,15.496415754808767,60.78138910145776
Country A,2021,1.1055603563688452,76.52897276003168,2230,224,27.49782746772082,52.91502145637961
Country C,2011,2.520297299974752,57.55310711574587,8647,785,26.033091958820165,83.35058034553002
Country E,2021,3.4097361383218114,77.13186278254256,5933,917,29.36279515484637,73.46341458754175
Country A,2021,0.7817021473682552,76.5435358080902,4940,689,17.68756945860296,62.40427436415382
Country C,2014,2.517806354675379,87.33318881763863,7483,693,33.83991781579924,64.39500976396509
Country E,2018,1.8312506579137136,90.84884813494169,1203,513,12.143068140451609,50.21282339681982
Country C,2013,3.104426763132516,71.58162616530878,1160,805,21.416426163135387,71.34013150324219
Country E,2020,1.0314493683421577,64.8143292182232,9960,574,33.03285525395006,57.93712552714443
Country E,2015,2.5778778566784935,62.70740996853763,4748,838,11.305552670641674,89.78225883371746
Country A,2010,3.0143458689443308,59.53656799853873,7718,1136,8.845208980927403,64.00917576309439
Country B,2018,3.3338426584220695,52.82473152775222,3581,224,35.928938869079644,64.29428030948065
Country E,2010,2.549744084868937,66.77995096290095,2093,533,17.002538196571855,68.29258937053359
Country E,2014,1.9915242920252818,63.24213691440838,5500,554,28.93545437181612,85.83780015593734
Country A,2013,2.3535417206036415,97.35445190745396,9799,315,5.887201149237847,80.04090499298752
Country B,2022,3.1067149534361547,77.32773248625216,6710,247,29.151641094330735,62.55650348989207
Country D,2021,2.211829239916489,67.01657491249487,3875,937,16.063545904143968,75.9349632986398
Country D,2022,0.5911611790905106,78.4429124486911,4191,977,6.950929875560461,69.31177493903809
Country B,2022,3.2928460865209335,56.82063836593908,2837,298,26.343446654184095,64.61835243506245
Country C,2023,2.5685802530946833,71.75814371090794,1689,658,13.428133562561063,49.61578863921753
Country A,2012,2.5295401573317395,80.68548174963213,4759,722,18.5382534718158,63.19681317274454
Country B,2022,1.1470254571931515,73.95599375783011,3103,796,7.820328430027976,52.29092935112873
Country D,2015,2.476656410697972,69.6871612320619,1365,604,10.150713788323086,85.74210749258273
Country E,2011,1.6815932169624754,98.69857105608521,9092,413,15.429203242354532,56.77034067481735
Country D,2012,2.4536989311244763,93.13542334529743,5172,884,8.1415825196055,87.61320072666862
Country E,2014,0.8197790909239722,80.54689194981256,7033,1102,36.878919264021036,66.65276450473556
Country A,2018,2.473535913809108,77.89949069793185,3378,702,5.211646511439245,71.57721893380801
Country E,2011,3.498241177312,80.41236351140462,2205,920,21.9351076602509,67.14702222446638
Country B,2019,0.6446361165816681,59.86429328329923,5988,647,9.313661034639301,46.469030848335045
Country E,2017,3.431522552663952,69.36174941995161,6669,1093,15.768768131728198,58.79106095039705
Country C,2023,1.720723882168612,51.93351711165407,3735,775,37.41208459363929,44.957305613881196
Country B,2011,3.1122603510117774,73.30175583685451,9490,457,10.65930936458954,71.14770220916908
Country A,2020,2.8471564521748203,76.6082046139255,1956,1043,38.80413119014164,62.343709760021945
Country B,2022,2.2010487829600036,61.15973706905727,7623,320,12.202803194629759,78.89924857854683
Country C,2014,2.7153476277539794,97.23741351111018,2474,1009,30.954813796339035,51.02352404996849
Country A,2016,3.135546683904044,94.56327593592485,5460,1177,24.13370427140591,48.22830292146675
Country D,2017,1.712420964953099,85.38501853733939,8002,253,35.95675546588657,60.31661154818839
Country C,2010,1.481099484689716,76.13594480950277,7396,530,24.389763942609584,86.32926916091905
Country A,2015,2.502780156690754,92.62848882273656,3828,983,23.709572670470802,75.52109075062059
Country E,2010,2.9235378258237756,56.40196484734968,3850,440,11.841030012893995,60.94618123964594
Country B,2011,2.786855404329847,88.73497991946937,3964,954,10.818027671808055,65.86360848771552
Country A,2010,2.8934409465759034,56.11621988437557,5594,729,37.077120289042995,44.210650558854915
Country B,2020,1.806749944438799,88.91632246492087,7644,682,16.47433695975119,89.22879481880565
Country E,2014,2.953502648525065,63.51261084431649,3850,386,18.022878923701356,73.32036523474595
Country A,2019,0.8606271661118253,92.97743846989125,1165,1057,31.593828044993593,54.270203423171125
Country D,2018,2.1334672938825485,96.25806259744449,1919,855,16.858821884798257,69.29041971076222
Country C,2015,0.5172759814943647,57.29100250085067,9305,461,38.3221856323651,45.4741183034497
Country A,2020,1.473757489700811,72.67110464820428,4504,1152,30.82747191495801,88.29183344037918
Country E,2020,1.5993846046141935,98.06838152997156,1991,563,25.9100234900697,48.7392493941683
Country A,2010,1.6885180748277662,73.68696436268418,7047,690,35.831330619066335,72.4015159027607
Country B,2022,2.5864016200695863,92.31382860321271,4839,630,6.736206792231896,52.272723126946524
Country A,2010,1.6656743038110373,78.84784458443467,2258,438,13.997194226622305,75.87806913242679
Country D,2011,1.846080867867592,68.3911654880605,8609,503,21.276271697731847,78.84106836201406
Country A,2018,1.2126323926229823,64.00339422076765,9706,497,12.944248881503235,73.67098644557163
Country C,2012,1.6197553748880202,59.95793146321827,5804,275,31.036681555575317,70.72497301275962
Country A,2010,1.1818088817894545,87.32811137750716,1067,899,37.17228108688038,84.62345469760058
Country B,2014,0.7195877713053309,68.94048483432837,6660,532,19.83195419758232,43.931335549487905
Country A,2016,2.3103457801441336,75.0524976478368,5478,1099,16.974641003916325,56.54573828900976
Country D,2015,2.5046383956650486,74.12394852005792,9210,1198,38.65427562481482,52.4143739815423
Country E,2021,2.3584710380288434,78.28667243242343,4521,957,20.56983514896393,89.40069810327108
Country A,2010,1.890482131401717,92.41328013560306,1572,841,22.116694015724914,59.46948898334367
Country A,2014,1.6393573405376896,98.05622783558803,8082,673,17.307745531966688,76.63063496201994
Country C,2014,3.090000948715476,69.97162622011703,8832,1026,36.83419655542484,74.23625819405024
Country D,2015,2.057245355408654,90.54842718320884,6395,1122,24.913441914864777,50.604061873868886
Country E,2012,1.937545632889193,87.46186193808117,3258,482,31.676110551357564,51.94988401057756
Country B,2014,0.5769261974193071,78.10291862132308,7039,790,33.413235142281025,54.06422817765171
Country A,2016,1.523743482878469,96.84631003698473,1650,271,16.964716467104036,60.55636391296896
Country E,2014,1.6405868563575712,59.82325126089174,6741,462,20.1793015962133,51.71625328252634
Country B,2014,1.6964683426907015,55.35394630517145,7838,902,34.696512104219266,40.98257413734239
Country D,2014,2.2405171076819967,91.84413638081568,3587,1078,17.713937308653357,83.96965284035977
Country D,2019,2.1008076401806353,71.51834101505366,8876,1086,32.7877296708148,88.2804915690442
Country E,2019,2.323715278380334,91.50147385614596,4262,1141,37.9347312901053,57.07851935157839
Country B,2012,2.794649784626385,93.76142005457532,2338,774,26.812363057380246,56.92534397127365
Country D,2010,2.9389572161482804,53.0604220873345,5996,1199,30.95695506081611,40.35459063871855
Country E,2014,2.6543692286794833,93.28977338631697,6780,1091,33.17840592143972,74.0125344165187
Country D,2023,3.366571087864804,71.96763371310169,3827,211,34.57638771138249,81.27199478743144
Country D,2018,0.5546977480290849,75.01119196120737,6232,340,18.82686682498786,47.33041501800016
Country D,2023,1.0873339570506384,80.7030330435673,3217,965,6.794221071159936,47.98331746835754
Country C,2010,0.5226886249344264,95.39274772977424,4539,754,19.06566949328588,79.50416249857189
Country B,2012,2.442424142463809,50.93668862705844,8845,216,28.58146804244314,70.81453741770723
Country E,2022,3.1940916468499605,73.36532994757303,5383,262,20.762263502327748,42.24302788138585
Country E,2022,1.2304468897288978,83.69838007909748,3961,452,31.21371028011395,71.12734952311408
Country B,2013,3.28110363438892,85.4126409272132,4226,664,17.494385031403233,55.4458861421883
Country B,2023,0.6808021708686826,83.9340891453183,7837,575,27.216044938641033,58.436257773542295
Country B,2010,3.303308080416543,56.587321340997974,8031,1003,11.52469316988911,78.48657091484401
Country B,2010,1.5548680617189032,64.67038383021239,4716,1180,31.227930282573492,80.54675963363053
Country A,2017,0.8042624853476495,67.57706074543366,4414,719,24.099358908455905,60.01783134199153
Country E,2011,1.9576152775589768,89.41742317629574,2448,1036,12.14225359913102,87.35764680031774
Country A,2021,1.270329703161524,63.6592337483131,1570,289,15.216891072423254,60.323135897603606
Country D,2017,1.3546187058857684,60.32454322949295,3904,919,31.201304800364134,78.5918017615055
Country D,2016,1.4218698947788597,96.91495293286671,3505,1003,21.891043248153224,64.19386322821296
Country E,2019,2.9090776934979905,50.434300970559974,1917,995,12.561100413757528,84.8766163261042
Country D,2019,2.1174838300257637,98.89322192841693,7982,829,38.85449166296042,85.38806218250893
Country B,2011,1.433923097468011,83.16424364401239,8427,1060,30.029375693591078,44.37084039355419
Country A,2015,2.3310013499327553,90.59499567300674,7336,374,38.499719138892864,86.82466656551128
Country B,2015,2.6484520226695807,64.43635042096346,2678,275,19.948676587612013,81.27674207602078
Country D,2012,1.3178720022006014,50.70144860568594,1615,812,21.628511924210216,79.56553571563335
Country A,2020,1.7406473045760547,86.15560640951497,8086,1125,36.42843256647567,50.04556698427612
Country B,2011,0.8656582800108427,90.87308525303311,5749,862,23.376726908588463,80.25596043773325
Country E,2021,1.043448048604041,86.28333046572243,4505,599,29.75476191669835,82.50663673425184
Country B,2010,2.5433535618949485,56.99966407774109,5529,981,13.826050712343548,54.457516722707545
Country D,2015,1.0443150430868808,86.9179681905915,2135,1169,20.63542640459242,87.61300391811619
Country A,2021,2.0754901510011807,87.67721632327441,9566,270,9.320745303362429,42.49300731995821
Country E,2014,2.627138785167298,82.26848526783269,8226,379,12.209301255693658,47.495462662356985
Country A,2023,0.8206307692842315,87.53968070698372,6162,323,5.033019534367088,66.87905690257571
Country E,2023,2.2019366588867104,91.45015054420887,1206,580,6.374276807703108,68.78962355611549
Country A,2020,1.2696883511040913,80.06660159763547,5875,492,39.204933811192525,72.25750416504516
Country D,2018,3.3887806257127395,54.341630984514275,2319,996,13.482379329786681,40.848456465773324
Country E,2010,1.9506369401597743,73.89376267369333,2141,394,28.21587483264007,88.01833873110651
Country C,2016,2.9179776493254743,53.80481739890865,5627,1110,34.3684894579864,42.2294046367072
Country A,2014,2.1506796264687855,69.9696085205891,8389,427,24.27311607327975,47.153097636170116
Country A,2014,0.6302375985644575,69.94821796715576,3690,630,10.360057502938467,40.70072587630285
Country B,2023,2.399454126782067,53.23448236287184,8323,1141,30.484075306765824,68.34292166470473
Country E,2011,3.3542100266199713,67.09220616450449,4255,635,26.008799353485408,86.61334419604862
Country C,2020,2.3048354604389933,55.43890684077443,9281,986,30.59377062715813,73.29735830402322
Country D,2012,2.9575665782803706,89.60352529045188,6213,660,31.94113179999805,81.13287342402137
Country B,2016,3.1526193900452233,96.43671327225907,5108,817,39.13936286896608,40.664060172929005
Country C,2015,1.1842393158467974,53.54350728763899,4020,220,25.07471480093485,67.1007649239863
Country E,2021,1.13613451972468,96.80064515729336,2857,263,16.957438944171063,62.97814887527609
Country C,2011,2.332942966552975,75.60625336750051,9996,364,27.696259491508297,64.94839721103965
Country A,2015,1.7330854094201142,64.67871821973982,3789,226,7.395424823491915,43.6106592667594
Country A,2011,3.0195839086001612,53.76624168853201,4875,510,36.40890614125552,74.22176805346538
Country B,2011,3.2000693701940337,74.53058913545047,8605,484,9.178335396836887,65.16102074293173
Country E,2011,1.5602641379081543,88.93126168004669,9135,859,16.474499326003638,78.2574424930632
Country E,2023,1.2106116769234463,84.64723738606821,7055,480,33.551088321914236,64.26453170308577
Country C,2020,2.8415765457315856,52.46107456173471,4882,1037,25.905933241574914,47.4690818113216
Country B,2012,1.3244181066444083,53.572189933027275,8175,1030,18.777243209710473,72.4128477038911
Country E,2011,2.9678429555410353,69.74079084899921,8129,363,21.57024807812575,48.619318105258316
Country A,2013,1.7712147609462885,64.46923420834922,6021,1097,34.90915876207631,83.61972816774075
Country C,2018,2.5026496978744115,61.38683182974634,5735,1117,16.900153512096225,70.65581195346208
Country D,2015,0.7866059415040045,63.769220446526965,3387,423,35.437738968426,47.86019417784771
Country A,2010,2.371577974029719,89.37065442154736,7582,983,8.084705084184202,88.11690287406034
Country B,2017,1.8553030362116874,95.53217462796084,6866,345,32.187945302302076,65.91827316676603
Country E,2021,2.2598253895264224,69.85003203185076,3566,1164,34.664167156915774,43.64492259358275
Country A,2023,1.0040426232345903,94.39943910449236,1975,1149,11.363617849306856,71.34164522075336
Country D,2016,2.7106212348325465,65.75328936114622,8212,1067,20.062128633027015,52.65994535064051
Country D,2019,3.088391232629686,73.34541233084579,2262,229,10.792492113227947,80.18467259386512
